<?xml version="1.0" standalone="no" ?>
<!--
Single SCO with basic runtime calls. SCORM 2004 3rd Edition.

Provided by Rustici Software - http://www.scorm.com

This example demonstrates the use of basic runtime calls in a multi-page SCO. It
includes a demonstration of bookmarking, status reporting (completion and success), 
score and time. It also includes the addition of a basic "controller" for providing
intra-SCO navigation.
-->

<manifest identifier="org.futuresocial.powerandabuse.abuse" version="2.1"
          xmlns="http://www.imsglobal.org/xsd/imscp_v1p1"
          xmlns:xsi="http://www.w3.org/2001/XMLSchema-instance"
          xmlns:adlcp="http://www.adlnet.org/xsd/adlcp_v1p3"
          xmlns:adlseq="http://www.adlnet.org/xsd/adlseq_v1p3"
          xmlns:adlnav="http://www.adlnet.org/xsd/adlnav_v1p3"
          xmlns:imsss="http://www.imsglobal.org/xsd/imsss"
          xsi:schemaLocation="http://www.imsglobal.org/xsd/imscp_v1p1 imscp_v1p1.xsd
                              http://www.adlnet.org/xsd/adlcp_v1p3 adlcp_v1p3.xsd
                              http://www.adlnet.org/xsd/adlseq_v1p3 adlseq_v1p3.xsd
                              http://www.adlnet.org/xsd/adlnav_v1p3 adlnav_v1p3.xsd
                              http://www.imsglobal.org/xsd/imsss imsss_v1p0.xsd">
	
  <metadata>
		<schema>ADL SCORM</schema>
		<schemaversion>2004 3rd Edition</schemaversion>
	</metadata>
  <organizations default="org_futuresocial_module_unit">
		<organization identifier="org_futuresocial_module_unit" adlseq:objectivesGlobalToSystem="false" structure="hierarchical">
			<title>Power and Abuse - Abuse</title>
			<item identifier="item_1" identifierref="RES-799997">
				<title>Power and Abuse - Abuse</title>
				<!-- Include some basic sequencing information that overrides the defaults-->
				<imsss:sequencing>
					<imsss:deliveryControls completionSetByContent="true" objectiveSetByContent="true" />
				</imsss:sequencing>
			</item>

		</organization>
  </organizations>
  <resources>


































































































































































  	<resource identifier="RES-799997" type="webcontent" adlcp:scormType="asset" href="content/index.html">
  		<file href="content/wp-content/plugins/h5p/h5p-php-library/images/throbber1576.gif"></file>
  		<file href="content/wp-content/themes/275/css/img/tear.html"></file>
  		<file href="content/wp-content/plugins/h5p/h5p-php-library/fonts/h5p-core-187e87.eot"></file>
  		<file href="content/wp-content/plugins/h5p/h5p-php-library/fonts/h5p-core-187e87.svg"></file>
  		<file href="content/wp-content/plugins/h5p/h5p-php-library/fonts/h5p-core-187e87.ttf"></file>
  		<file href="content/wp-content/plugins/h5p/h5p-php-library/fonts/h5p-core-187e87.woff"></file>
  		<file href="content/wp-content/themes/275/js/popper.min68b3.js"></file>
  		<file href="content/wp-content/plugins/h5p/h5p-php-library/styles/h5pde48.css"></file>
  		<file href="content/wp-content/themes/275/fssi/img/theme/assessments.png"></file>
  		<file href="content/wp-content/themes/275/fssi/img/theme/assessments_inverse.png"></file>
  		<file href="content/wp-content/themes/275/fssi/img/theme/breadcrumb_banner.png"></file>
  		<file href="content/wp-content/themes/275/fssi/img/theme/flipme_icon.png"></file>
  		<file href="content/wp-content/themes/275/fssi/img/theme/fssi_logo.png"></file>
  		<file href="content/wp-content/themes/275/fssi/img/theme/key_activities.png"></file>
  		<file href="content/wp-content/themes/275/fssi/img/theme/key_activities_inverse.png"></file>
  		<file href="content/wp-content/themes/275/fssi/img/theme/learning_objectives.png"></file>
  		<file href="content/wp-content/themes/275/fssi/img/theme/learning_objectives_inverse.png"></file>
  		<file href="content/wp-content/themes/275/fssi/img/theme/logo_banner_lighter.png"></file>
  		<file href="content/wp-content/themes/275/fssi/img/theme/nav_header.png"></file>
  		<file href="content/wp-content/themes/275/fssi/img/theme/vcoss_rmit_logo.png"></file>
  		<file href="content/wp-content/themes/275/fssi/fonts/TradeGothicLTPro-BdCn20.html"></file>
  		<file href="content/wp-content/themes/275/fssi/fonts/TradeGothicLTPro-BdCn20.woff"></file>
  		<file href="content/wp-content/themes/275/fssi/fonts/TradeGothicLTStd-Cn18.html"></file>
  		<file href="content/wp-content/themes/275/fssi/fonts/TradeGothicLTStd-Cn18.woff"></file>
  		<file href="content/wp-content/themes/275/fssi/fonts/open-sans-v15-latin-700.eot"></file>
  		<file href="content/wp-content/themes/275/fssi/fonts/open-sans-v15-latin-700.html"></file>
  		<file href="content/wp-content/themes/275/fssi/fonts/open-sans-v15-latin-700.svg"></file>
  		<file href="content/wp-content/themes/275/fssi/fonts/open-sans-v15-latin-700.woff"></file>
  		<file href="content/wp-content/themes/275/fssi/fonts/open-sans-v15-latin-700d41d.eot"></file>
  		<file href="content/wp-content/themes/275/fssi/fonts/open-sans-v15-latin-regular.eot"></file>
  		<file href="content/wp-content/themes/275/fssi/fonts/open-sans-v15-latin-regular.html"></file>
  		<file href="content/wp-content/themes/275/fssi/fonts/open-sans-v15-latin-regular.svg"></file>
  		<file href="content/wp-content/themes/275/fssi/fonts/open-sans-v15-latin-regular.ttf"></file>
  		<file href="content/wp-content/themes/275/fssi/fonts/open-sans-v15-latin-regular.woff"></file>
  		<file href="content/wp-content/themes/275/fssi/fonts/open-sans-v15-latin-regulard41d.eot"></file>
  		<file href="content/index.html"></file>
  		<file href="content/index04c8.html"></file>
  		<file href="content/index1ee9.html"></file>
  		<file href="content/index47f8.html"></file>
  		<file href="content/index4887.html"></file>
  		<file href="content/index581b.html"></file>
  		<file href="content/index6082.html"></file>
  		<file href="content/index8d29.html"></file>
  		<file href="content/indexa7c3.html"></file>
  		<file href="content/indexa7d0.html"></file>
  		<file href="content/indexaec0.html"></file>
  		<file href="content/indexc3f6.html"></file>
  		<file href="content/indexcf03.html"></file>
  		<file href="content/indexeb54.html"></file>
  		<file href="content/wp-content/themes/275/img/learning_activity.png"></file>
  		<file href="content/wp-content/themes/275/css/fssi.css"></file>
  		<file href="content/wp-content/themes/275/fssi/img/fssi-white.svg"></file>
  		<file href="content/wp-content/uploads/2019/05/by-nc-nd.svg"></file>
  		<file href="content/wp-content/uploads/2018/12/1-1.jpg"></file>
  		<file href="content/wp-content/uploads/2018/12/1-1024x683.jpg"></file>
  		<file href="content/wp-content/uploads/2018/12/1-150x150.jpg"></file>
  		<file href="content/wp-content/uploads/2018/12/1-3-1024x684.jpg"></file>
  		<file href="content/wp-content/uploads/2018/12/1-3-150x150.jpg"></file>
  		<file href="content/wp-content/uploads/2018/12/2-1024x683.jpg"></file>
  		<file href="content/wp-content/uploads/2018/12/2-150x150.jpg"></file>
  		<file href="content/wp-content/uploads/2018/12/3-1-150x150.jpg"></file>
  		<file href="content/wp-content/uploads/2018/12/3-1.jpg"></file>
  		<file href="content/wp-content/uploads/2018/12/3.3-150x150.jpg"></file>
  		<file href="content/wp-content/uploads/2018/12/3.3-819x1024.jpg"></file>
  		<file href="content/wp-content/uploads/2018/12/4-1024x683.jpg"></file>
  		<file href="content/wp-content/uploads/2018/12/4-150x150.jpg"></file>
  		<file href="content/wp-content/uploads/2018/12/Aus-1024x842.jpg"></file>
  		<file href="content/wp-content/uploads/2018/12/Aus-150x150.jpg"></file>
  		<file href="content/wp-content/uploads/2018/12/Police-1024x623-1-300x183.jpg"></file>
  		<file href="content/wp-content/uploads/2018/12/Power-and-abuse-video-2.pdf"></file>
  		<file href="content/wp-content/uploads/2018/12/active-adult-backpack-734658-300x200.jpg"></file>
  		<file href="content/wp-content/uploads/2018/12/bystanders_01-1024x683.jpg"></file>
  		<file href="content/wp-content/uploads/2018/12/emp_circle.png"></file>
  		<file href="content/wp-content/uploads/2018/12/lisbon-1143729_1920-1024x683.jpg"></file>
  		<file href="content/wp-content/uploads/2018/12/lisbon-1143729_1920-150x150.jpg"></file>
  		<file href="content/wp-content/uploads/2018/12/powerfromdoinggoodtodoingharm_01.jpg"></file>
  		<file href="content/wp-content/themes/275/fonts/fontawesome-webfont3e6e.eot"></file>
  		<file href="content/wp-content/themes/275/fonts/fontawesome-webfont3e6e.html"></file>
  		<file href="content/wp-content/themes/275/fonts/fontawesome-webfont3e6e.svg"></file>
  		<file href="content/wp-content/themes/275/fonts/fontawesome-webfont3e6e.ttf"></file>
  		<file href="content/wp-content/themes/275/fonts/fontawesome-webfont3e6e.woff"></file>
  		<file href="content/wp-content/themes/275/fonts/fontawesome-webfontd41d.eot"></file>
  		<file href="content/wp-content/themes/275/fssi/js/jquery.min.js"></file>
  		<file href="content/wp-content/themes/275/fssi/js/theme.min.js"></file>
  	</resource>
  </resources>
</manifest>
