<?xml version="1.0" standalone="no" ?>
<!--
Single SCO with basic runtime calls. SCORM 2004 3rd Edition.

Provided by Rustici Software - http://www.scorm.com

This example demonstrates the use of basic runtime calls in a multi-page SCO. It
includes a demonstration of bookmarking, status reporting (completion and success), 
score and time. It also includes the addition of a basic "controller" for providing
intra-SCO navigation.
-->

<manifest identifier="org.futuresocial.powerandabuse.tacklingpower" version="2.1"
          xmlns="http://www.imsglobal.org/xsd/imscp_v1p1"
          xmlns:xsi="http://www.w3.org/2001/XMLSchema-instance"
          xmlns:adlcp="http://www.adlnet.org/xsd/adlcp_v1p3"
          xmlns:adlseq="http://www.adlnet.org/xsd/adlseq_v1p3"
          xmlns:adlnav="http://www.adlnet.org/xsd/adlnav_v1p3"
          xmlns:imsss="http://www.imsglobal.org/xsd/imsss"
          xsi:schemaLocation="http://www.imsglobal.org/xsd/imscp_v1p1 imscp_v1p1.xsd
                              http://www.adlnet.org/xsd/adlcp_v1p3 adlcp_v1p3.xsd
                              http://www.adlnet.org/xsd/adlseq_v1p3 adlseq_v1p3.xsd
                              http://www.adlnet.org/xsd/adlnav_v1p3 adlnav_v1p3.xsd
                              http://www.imsglobal.org/xsd/imsss imsss_v1p0.xsd">
	
  <metadata>
		<schema>ADL SCORM</schema>
		<schemaversion>2004 3rd Edition</schemaversion>
	</metadata>
  <organizations default="org_futuresocial_module_unit">
		<organization identifier="org_futuresocial_module_unit" adlseq:objectivesGlobalToSystem="false" structure="hierarchical">
			<title>Power and Abuse - Tackling abuse</title>
			<item identifier="item_1" identifierref="RES-858079">
				<title>Power and Abuse - Tackling abuse</title>
				<!-- Include some basic sequencing information that overrides the defaults-->
				<imsss:sequencing>
					<imsss:deliveryControls completionSetByContent="true" objectiveSetByContent="true" />
				</imsss:sequencing>
			</item>

		</organization>
  </organizations>
  <resources>





































































































































































  	<resource identifier="RES-858079" type="webcontent" adlcp:scormType="asset" href="content/index.html">
  		<file href="content/wp-content/themes/275/fssi/img/theme/assessments.png"></file>
  		<file href="content/wp-content/themes/275/fssi/img/theme/assessments_inverse.png"></file>
  		<file href="content/wp-content/themes/275/fssi/img/theme/breadcrumb_banner.png"></file>
  		<file href="content/wp-content/themes/275/fssi/img/theme/flipme_icon.png"></file>
  		<file href="content/wp-content/themes/275/fssi/img/theme/fssi_logo.png"></file>
  		<file href="content/wp-content/themes/275/fssi/img/theme/key_activities.png"></file>
  		<file href="content/wp-content/themes/275/fssi/img/theme/key_activities_inverse.png"></file>
  		<file href="content/wp-content/themes/275/fssi/img/theme/learning_objectives.png"></file>
  		<file href="content/wp-content/themes/275/fssi/img/theme/learning_objectives_inverse.png"></file>
  		<file href="content/wp-content/themes/275/fssi/img/theme/logo_banner_lighter.png"></file>
  		<file href="content/wp-content/themes/275/fssi/img/theme/nav_header.png"></file>
  		<file href="content/wp-content/themes/275/fssi/img/theme/vcoss_rmit_logo.png"></file>
  		<file href="content/wp-content/themes/275/js/popper.min68b3.js"></file>
  		<file href="content/wp-content/uploads/2019/05/by-nc-nd.svg"></file>
  		<file href="content/wp-content/themes/275/css/img/tear.html"></file>
  		<file href="content/wp-content/themes/275/css/fssi.css"></file>
  		<file href="content/wp-content/themes/275/fonts/fontawesome-webfont3e6e.eot"></file>
  		<file href="content/wp-content/themes/275/fonts/fontawesome-webfont3e6e.html"></file>
  		<file href="content/wp-content/themes/275/fonts/fontawesome-webfont3e6e.svg"></file>
  		<file href="content/wp-content/themes/275/fonts/fontawesome-webfont3e6e.ttf"></file>
  		<file href="content/wp-content/themes/275/fonts/fontawesome-webfont3e6e.woff"></file>
  		<file href="content/wp-content/themes/275/fonts/fontawesome-webfontd41d.eot"></file>
  		<file href="content/wp-content/themes/275/img/expert_tip.png"></file>
  		<file href="content/wp-content/themes/275/img/have_a_go.png"></file>
  		<file href="content/wp-content/themes/275/img/learning_activity.png"></file>
  		<file href="content/index.html"></file>
  		<file href="content/index2701.html"></file>
  		<file href="content/index30e7.html"></file>
  		<file href="content/index3bdf.html"></file>
  		<file href="content/index42a6.html"></file>
  		<file href="content/index543b.html"></file>
  		<file href="content/index6009.html"></file>
  		<file href="content/index6dab.html"></file>
  		<file href="content/index78f7.html"></file>
  		<file href="content/index7ba1.html"></file>
  		<file href="content/index8757.html"></file>
  		<file href="content/index8f39.html"></file>
  		<file href="content/indexd329.html"></file>
  		<file href="content/indexdd2a.html"></file>
  		<file href="content/indexdfb7.html"></file>
  		<file href="content/indexf392.html"></file>
  		<file href="content/wp-content/plugins/h5p/h5p-php-library/styles/h5pde48.css"></file>
  		<file href="content/wp-content/uploads/2018/12/Annecto-175-Copy-1024x683.jpg"></file>
  		<file href="content/wp-content/uploads/2018/12/Assumptions-about-choice.jpg"></file>
  		<file href="content/wp-content/uploads/2018/12/Power-Intro-1-e1548210820175.jpg"></file>
  		<file href="content/wp-content/uploads/2018/12/Power-and-abuse-video-5.pdf"></file>
  		<file href="content/wp-content/uploads/2018/12/Sumner_House-141-2.jpg"></file>
  		<file href="content/wp-content/uploads/2018/12/Support-worker.jpg"></file>
  		<file href="content/wp-content/uploads/2018/12/Untitled-18.jpg"></file>
  		<file href="content/wp-content/uploads/2018/12/choosing-direction-300x300.jpg"></file>
  		<file href="content/wp-content/uploads/2018/12/factorsofpowerandabuse_01-1024x683.jpg"></file>
  		<file href="content/wp-content/uploads/2018/12/factorsofpowerandabuse_02-1024x683.jpg"></file>
  		<file href="content/wp-content/uploads/2018/12/factorsofpowerandabuse_03-683x1024.jpg"></file>
  		<file href="content/wp-content/uploads/2018/12/serviceusersasemployers_01.jpg"></file>
  		<file href="content/wp-content/uploads/2018/12/thepowerofadvocacy_01-1024x683.jpg"></file>
  		<file href="content/wp-content/uploads/2018/12/toomanychoicesandnodecisions_01-1-1024x683.jpg"></file>
  		<file href="content/wp-content/uploads/2018/12/toomanychoicesandnodecisions_01-1-150x150.jpg"></file>
  		<file href="content/wp-content/uploads/2018/12/toomanychoicesandnodecisions_01-1024x740.jpg"></file>
  		<file href="content/wp-content/uploads/2018/12/toomanychoicesandnodecisions_01-150x150.jpg"></file>
  		<file href="content/wp-content/uploads/2018/12/toomanychoicesandnodecisions_02-1-1024x822.jpg"></file>
  		<file href="content/wp-content/uploads/2018/12/toomanychoicesandnodecisions_02-1-150x150.jpg"></file>
  		<file href="content/wp-content/uploads/2018/12/toomanychoicesandnodecisions_02-1024x620.jpg"></file>
  		<file href="content/wp-content/uploads/2018/12/toomanychoicesandnodecisions_02-150x150.jpg"></file>
  		<file href="content/wp-content/uploads/2018/12/toomanychoicesandnodecisions_03-1024x684.jpg"></file>
  		<file href="content/wp-content/uploads/2018/12/toomanychoicesandnodecisions_03-150x150.jpg"></file>
  		<file href="content/wp-content/plugins/h5p/h5p-php-library/fonts/h5p-core-187e87.eot"></file>
  		<file href="content/wp-content/plugins/h5p/h5p-php-library/fonts/h5p-core-187e87.svg"></file>
  		<file href="content/wp-content/plugins/h5p/h5p-php-library/fonts/h5p-core-187e87.ttf"></file>
  		<file href="content/wp-content/plugins/h5p/h5p-php-library/fonts/h5p-core-187e87.woff"></file>
  		<file href="content/wp-content/plugins/h5p/h5p-php-library/images/throbber1576.gif"></file>
  		<file href="content/wp-content/uploads/2018/11/Ethics-of-care-legislation-1024x657.jpg"></file>
  		<file href="content/wp-content/uploads/2018/11/supportive-vs-oppressive.jpg"></file>
  		<file href="content/wp-content/themes/275/fssi/fonts/TradeGothicLTPro-BdCn20.html"></file>
  		<file href="content/wp-content/themes/275/fssi/fonts/TradeGothicLTPro-BdCn20.woff"></file>
  		<file href="content/wp-content/themes/275/fssi/fonts/TradeGothicLTStd-Cn18.html"></file>
  		<file href="content/wp-content/themes/275/fssi/fonts/TradeGothicLTStd-Cn18.woff"></file>
  		<file href="content/wp-content/themes/275/fssi/fonts/open-sans-v15-latin-700.eot"></file>
  		<file href="content/wp-content/themes/275/fssi/fonts/open-sans-v15-latin-700.html"></file>
  		<file href="content/wp-content/themes/275/fssi/fonts/open-sans-v15-latin-700.svg"></file>
  		<file href="content/wp-content/themes/275/fssi/fonts/open-sans-v15-latin-700.woff"></file>
  		<file href="content/wp-content/themes/275/fssi/fonts/open-sans-v15-latin-700d41d.eot"></file>
  		<file href="content/wp-content/themes/275/fssi/fonts/open-sans-v15-latin-regular.eot"></file>
  		<file href="content/wp-content/themes/275/fssi/fonts/open-sans-v15-latin-regular.html"></file>
  		<file href="content/wp-content/themes/275/fssi/fonts/open-sans-v15-latin-regular.svg"></file>
  		<file href="content/wp-content/themes/275/fssi/fonts/open-sans-v15-latin-regular.ttf"></file>
  		<file href="content/wp-content/themes/275/fssi/fonts/open-sans-v15-latin-regular.woff"></file>
  		<file href="content/wp-content/themes/275/fssi/fonts/open-sans-v15-latin-regulard41d.eot"></file>
  		<file href="content/wp-content/themes/275/fssi/img/fssi-white.svg"></file>
  		<file href="content/wp-content/themes/275/fssi/js/jquery.min.js"></file>
  		<file href="content/wp-content/themes/275/fssi/js/theme.min.js"></file>
  	</resource>
  </resources>
</manifest>
