<?xml version="1.0" standalone="no" ?>
<!--
Single SCO with basic runtime calls. SCORM 2004 3rd Edition.

Provided by Rustici Software - http://www.scorm.com

This example demonstrates the use of basic runtime calls in a multi-page SCO. It
includes a demonstration of bookmarking, status reporting (completion and success), 
score and time. It also includes the addition of a basic "controller" for providing
intra-SCO navigation.
-->

<manifest identifier="org.futuresocial.clusterfour.weekfour" version="2.1"
          xmlns="http://www.imsglobal.org/xsd/imscp_v1p1"
          xmlns:xsi="http://www.w3.org/2001/XMLSchema-instance"
          xmlns:adlcp="http://www.adlnet.org/xsd/adlcp_v1p3"
          xmlns:adlseq="http://www.adlnet.org/xsd/adlseq_v1p3"
          xmlns:adlnav="http://www.adlnet.org/xsd/adlnav_v1p3"
          xmlns:imsss="http://www.imsglobal.org/xsd/imsss"
          xsi:schemaLocation="http://www.imsglobal.org/xsd/imscp_v1p1 imscp_v1p1.xsd
                              http://www.adlnet.org/xsd/adlcp_v1p3 adlcp_v1p3.xsd
                              http://www.adlnet.org/xsd/adlseq_v1p3 adlseq_v1p3.xsd
                              http://www.adlnet.org/xsd/adlnav_v1p3 adlnav_v1p3.xsd
                              http://www.imsglobal.org/xsd/imsss imsss_v1p0.xsd">
	
  <metadata>
		<schema>ADL SCORM</schema>
		<schemaversion>2004 3rd Edition</schemaversion>
	</metadata>
  <organizations default="org_futuresocial_module_unit">
		<organization identifier="org_futuresocial_module_unit" adlseq:objectivesGlobalToSystem="false" structure="hierarchical">
			<title>Cluster Four - Week Four</title>
			<item identifier="item_1" identifierref="RES-732810">
				<title>Cluster Four - Week Four</title>
				<!-- Include some basic sequencing information that overrides the defaults-->
				<imsss:sequencing>
					<imsss:deliveryControls completionSetByContent="true" objectiveSetByContent="true" />
				</imsss:sequencing>
			</item>

		</organization>
  </organizations>
  <resources>






































































































































  	<resource identifier="RES-732810" type="webcontent" adlcp:scormType="asset" href="content/index.html">
  		<file href="content/wp-content/plugins/h5p/h5p-php-library/images/throbber1576.gif"></file>
  		<file href="content/wp-content/themes/275/css/img/tear.html"></file>
  		<file href="content/wp-content/plugins/h5p/h5p-php-library/fonts/h5p-core-187e87.eot"></file>
  		<file href="content/wp-content/plugins/h5p/h5p-php-library/fonts/h5p-core-187e87.svg"></file>
  		<file href="content/wp-content/plugins/h5p/h5p-php-library/fonts/h5p-core-187e87.ttf"></file>
  		<file href="content/wp-content/plugins/h5p/h5p-php-library/fonts/h5p-core-187e87.woff"></file>
  		<file href="content/wp-content/themes/275/js/popper.min68b3.js"></file>
  		<file href="content/wp-content/plugins/h5p/h5p-php-library/styles/h5pde48.css"></file>
  		<file href="content/wp-content/themes/275/fssi/img/theme/assessments.png"></file>
  		<file href="content/wp-content/themes/275/fssi/img/theme/assessments_inverse.png"></file>
  		<file href="content/wp-content/themes/275/fssi/img/theme/breadcrumb_banner.png"></file>
  		<file href="content/wp-content/themes/275/fssi/img/theme/flipme_icon.png"></file>
  		<file href="content/wp-content/themes/275/fssi/img/theme/fssi_logo.png"></file>
  		<file href="content/wp-content/themes/275/fssi/img/theme/key_activities.png"></file>
  		<file href="content/wp-content/themes/275/fssi/img/theme/key_activities_inverse.png"></file>
  		<file href="content/wp-content/themes/275/fssi/img/theme/learning_objectives.png"></file>
  		<file href="content/wp-content/themes/275/fssi/img/theme/learning_objectives_inverse.png"></file>
  		<file href="content/wp-content/themes/275/fssi/img/theme/logo_banner_lighter.png"></file>
  		<file href="content/wp-content/themes/275/fssi/img/theme/nav_header.png"></file>
  		<file href="content/wp-content/themes/275/fssi/img/theme/vcoss_rmit_logo.png"></file>
  		<file href="content/wp-content/themes/275/fssi/fonts/TradeGothicLTPro-BdCn20.html"></file>
  		<file href="content/wp-content/themes/275/fssi/fonts/TradeGothicLTPro-BdCn20.woff"></file>
  		<file href="content/wp-content/themes/275/fssi/fonts/TradeGothicLTStd-Cn18.html"></file>
  		<file href="content/wp-content/themes/275/fssi/fonts/TradeGothicLTStd-Cn18.woff"></file>
  		<file href="content/wp-content/themes/275/fssi/fonts/open-sans-v15-latin-700.eot"></file>
  		<file href="content/wp-content/themes/275/fssi/fonts/open-sans-v15-latin-700.html"></file>
  		<file href="content/wp-content/themes/275/fssi/fonts/open-sans-v15-latin-700.svg"></file>
  		<file href="content/wp-content/themes/275/fssi/fonts/open-sans-v15-latin-700.woff"></file>
  		<file href="content/wp-content/themes/275/fssi/fonts/open-sans-v15-latin-700d41d.eot"></file>
  		<file href="content/wp-content/themes/275/fssi/fonts/open-sans-v15-latin-regular.eot"></file>
  		<file href="content/wp-content/themes/275/fssi/fonts/open-sans-v15-latin-regular.html"></file>
  		<file href="content/wp-content/themes/275/fssi/fonts/open-sans-v15-latin-regular.svg"></file>
  		<file href="content/wp-content/themes/275/fssi/fonts/open-sans-v15-latin-regular.ttf"></file>
  		<file href="content/wp-content/themes/275/fssi/fonts/open-sans-v15-latin-regular.woff"></file>
  		<file href="content/wp-content/themes/275/fssi/fonts/open-sans-v15-latin-regulard41d.eot"></file>
  		<file href="content/index.html"></file>
  		<file href="content/index066d.html"></file>
  		<file href="content/index136a.html"></file>
  		<file href="content/index1cbc.html"></file>
  		<file href="content/index237f.html"></file>
  		<file href="content/index2c4c.html"></file>
  		<file href="content/index7917.html"></file>
  		<file href="content/index8077.html"></file>
  		<file href="content/index87dc.html"></file>
  		<file href="content/indexa92e.html"></file>
  		<file href="content/indexaa68.html"></file>
  		<file href="content/indexb924.html"></file>
  		<file href="content/indexc420.html"></file>
  		<file href="content/indexc65e.html"></file>
  		<file href="content/indexc9e0.html"></file>
  		<file href="content/indexcba2.html"></file>
  		<file href="content/indexda65.html"></file>
  		<file href="content/indexe687.html"></file>
  		<file href="content/indexed6b.html"></file>
  		<file href="content/wp-content/themes/275/css/fssi.css"></file>
  		<file href="content/wp-content/themes/275/fssi/img/fssi-white.svg"></file>
  		<file href="content/wp-content/uploads/2019/05/by-nc-nd.svg"></file>
  		<file href="content/wp-content/uploads/2018/12/Body-health.jpg"></file>
  		<file href="content/wp-content/uploads/2018/12/Body_systems_bg.png"></file>
  		<file href="content/wp-content/uploads/2018/12/Brain.png"></file>
  		<file href="content/wp-content/uploads/2018/12/DNA.png"></file>
  		<file href="content/wp-content/uploads/2018/12/Endocrine-system.png"></file>
  		<file href="content/wp-content/uploads/2018/12/Integumentary-system.png"></file>
  		<file href="content/wp-content/uploads/2018/12/Lymphatic-system.png"></file>
  		<file href="content/wp-content/uploads/2018/12/Muscular-skeletal-system-landscape-1024x804.png"></file>
  		<file href="content/wp-content/uploads/2018/12/Respiratory-system.png"></file>
  		<file href="content/wp-content/uploads/2018/12/c2-bs-01-arrow-1024x1015.png"></file>
  		<file href="content/wp-content/uploads/2018/12/c2-bs-01-cell-1024x1015.png"></file>
  		<file href="content/wp-content/uploads/2018/12/c2-bs-01-organ-1024x1015.png"></file>
  		<file href="content/wp-content/uploads/2018/12/c2-bs-01-tissue-1024x1015.png"></file>
  		<file href="content/wp-content/uploads/2018/12/cell-membrane_2.png"></file>
  		<file href="content/wp-content/uploads/2018/12/circulatory-system-1-1024x724.png"></file>
  		<file href="content/wp-content/uploads/2018/12/circulatory-system.png"></file>
  		<file href="content/wp-content/uploads/2018/12/cytoplasm.png"></file>
  		<file href="content/wp-content/uploads/2018/12/digestive_systems.png"></file>
  		<file href="content/wp-content/uploads/2018/12/female-system.png"></file>
  		<file href="content/wp-content/uploads/2018/12/grey-cell.png"></file>
  		<file href="content/wp-content/uploads/2018/12/heart.png"></file>
  		<file href="content/wp-content/uploads/2018/12/kidneys.png"></file>
  		<file href="content/wp-content/uploads/2018/12/liver.png"></file>
  		<file href="content/wp-content/uploads/2018/12/lungs.png"></file>
  		<file href="content/wp-content/uploads/2018/12/male_systems.png"></file>
  		<file href="content/wp-content/uploads/2018/12/muscular-system-_2-217x300.png"></file>
  		<file href="content/wp-content/uploads/2018/12/muscular-system.png"></file>
  		<file href="content/wp-content/uploads/2018/12/nervous_systems.png"></file>
  		<file href="content/wp-content/uploads/2018/12/respriratory-1024x724.png"></file>
  		<file href="content/wp-content/uploads/2018/12/ribosomes.png"></file>
  		<file href="content/wp-content/uploads/2018/12/skeleton-system.png"></file>
  		<file href="content/wp-content/uploads/2018/12/skeleton_system_2-217x300.png"></file>
  		<file href="content/wp-content/uploads/2018/12/urinary-system.png"></file>
  		<file href="content/wp-content/themes/275/fonts/fontawesome-webfont3e6e.eot"></file>
  		<file href="content/wp-content/themes/275/fonts/fontawesome-webfont3e6e.html"></file>
  		<file href="content/wp-content/themes/275/fonts/fontawesome-webfont3e6e.svg"></file>
  		<file href="content/wp-content/themes/275/fonts/fontawesome-webfont3e6e.ttf"></file>
  		<file href="content/wp-content/themes/275/fonts/fontawesome-webfont3e6e.woff"></file>
  		<file href="content/wp-content/themes/275/fonts/fontawesome-webfontd41d.eot"></file>
  		<file href="content/wp-content/themes/275/fssi/js/jquery.min.js"></file>
  		<file href="content/wp-content/themes/275/fssi/js/theme.min.js"></file>
  	</resource>
  </resources>
</manifest>
