<?xml version="1.0" standalone="no" ?>
<!--
Single SCO with basic runtime calls. SCORM 2004 3rd Edition.

Provided by Rustici Software - http://www.scorm.com

This example demonstrates the use of basic runtime calls in a multi-page SCO. It
includes a demonstration of bookmarking, status reporting (completion and success), 
score and time. It also includes the addition of a basic "controller" for providing
intra-SCO navigation.
-->

<manifest identifier="org.futuresocial.enablingtechnologies.technologyinthesocialservicessector" version="2.1"
          xmlns="http://www.imsglobal.org/xsd/imscp_v1p1"
          xmlns:xsi="http://www.w3.org/2001/XMLSchema-instance"
          xmlns:adlcp="http://www.adlnet.org/xsd/adlcp_v1p3"
          xmlns:adlseq="http://www.adlnet.org/xsd/adlseq_v1p3"
          xmlns:adlnav="http://www.adlnet.org/xsd/adlnav_v1p3"
          xmlns:imsss="http://www.imsglobal.org/xsd/imsss"
          xsi:schemaLocation="http://www.imsglobal.org/xsd/imscp_v1p1 imscp_v1p1.xsd
                              http://www.adlnet.org/xsd/adlcp_v1p3 adlcp_v1p3.xsd
                              http://www.adlnet.org/xsd/adlseq_v1p3 adlseq_v1p3.xsd
                              http://www.adlnet.org/xsd/adlnav_v1p3 adlnav_v1p3.xsd
                              http://www.imsglobal.org/xsd/imsss imsss_v1p0.xsd">
	
  <metadata>
		<schema>ADL SCORM</schema>
		<schemaversion>2004 3rd Edition</schemaversion>
	</metadata>
  <organizations default="org_futuresocial_module_unit">
		<organization identifier="org_futuresocial_module_unit" adlseq:objectivesGlobalToSystem="false" structure="hierarchical">
			<title>Enabling Technologies - Technology in the social services sector</title>
			<item identifier="item_1" identifierref="RES-466526">
				<title>Enabling Technologies - Technology in the social services sector</title>
				<!-- Include some basic sequencing information that overrides the defaults-->
				<imsss:sequencing>
					<imsss:deliveryControls completionSetByContent="true" objectiveSetByContent="true" />
				</imsss:sequencing>
			</item>

		</organization>
  </organizations>
  <resources>















































































































































  	<resource identifier="RES-466526" type="webcontent" adlcp:scormType="sco" href="content/index.html">
  		<file href="content/wp-content/plugins/h5p/h5p-php-library/images/throbber1576.gif"></file>
  		<file href="content/wp-content/themes/275/css/img/tear.html"></file>
  		<file href="content/wp-content/plugins/h5p/h5p-php-library/fonts/h5p-core-187e87.eot"></file>
  		<file href="content/wp-content/plugins/h5p/h5p-php-library/fonts/h5p-core-187e87.svg"></file>
  		<file href="content/wp-content/plugins/h5p/h5p-php-library/fonts/h5p-core-187e87.ttf"></file>
  		<file href="content/wp-content/plugins/h5p/h5p-php-library/fonts/h5p-core-187e87.woff"></file>
  		<file href="content/wp-content/themes/275/js/jquery.flip.min.js"></file>
  		<file href="content/wp-content/themes/275/js/popper.min68b3.js"></file>
  		<file href="content/wp-content/plugins/h5p/h5p-php-library/styles/h5pde48.css"></file>
  		<file href="content/wp-content/themes/275/fssi/img/theme/assessments.png"></file>
  		<file href="content/wp-content/themes/275/fssi/img/theme/assessments_inverse.png"></file>
  		<file href="content/wp-content/themes/275/fssi/img/theme/breadcrumb_banner.png"></file>
  		<file href="content/wp-content/themes/275/fssi/img/theme/flipme_icon.png"></file>
  		<file href="content/wp-content/themes/275/fssi/img/theme/fssi_logo.png"></file>
  		<file href="content/wp-content/themes/275/fssi/img/theme/key_activities.png"></file>
  		<file href="content/wp-content/themes/275/fssi/img/theme/key_activities_inverse.png"></file>
  		<file href="content/wp-content/themes/275/fssi/img/theme/learning_objectives.png"></file>
  		<file href="content/wp-content/themes/275/fssi/img/theme/learning_objectives_inverse.png"></file>
  		<file href="content/wp-content/themes/275/fssi/img/theme/logo_banner_lighter.png"></file>
  		<file href="content/wp-content/themes/275/fssi/img/theme/nav_header.png"></file>
  		<file href="content/wp-content/themes/275/fssi/img/theme/vcoss_rmit_logo.png"></file>
  		<file href="content/wp-content/themes/275/fssi/fonts/TradeGothicLTPro-BdCn20.html"></file>
  		<file href="content/wp-content/themes/275/fssi/fonts/TradeGothicLTPro-BdCn20.woff"></file>
  		<file href="content/wp-content/themes/275/fssi/fonts/TradeGothicLTStd-Cn18.html"></file>
  		<file href="content/wp-content/themes/275/fssi/fonts/TradeGothicLTStd-Cn18.woff"></file>
  		<file href="content/wp-content/themes/275/fssi/fonts/open-sans-v15-latin-700.eot"></file>
  		<file href="content/wp-content/themes/275/fssi/fonts/open-sans-v15-latin-700.html"></file>
  		<file href="content/wp-content/themes/275/fssi/fonts/open-sans-v15-latin-700.svg"></file>
  		<file href="content/wp-content/themes/275/fssi/fonts/open-sans-v15-latin-700.woff"></file>
  		<file href="content/wp-content/themes/275/fssi/fonts/open-sans-v15-latin-700d41d.eot"></file>
  		<file href="content/wp-content/themes/275/fssi/fonts/open-sans-v15-latin-regular.eot"></file>
  		<file href="content/wp-content/themes/275/fssi/fonts/open-sans-v15-latin-regular.html"></file>
  		<file href="content/wp-content/themes/275/fssi/fonts/open-sans-v15-latin-regular.svg"></file>
  		<file href="content/wp-content/themes/275/fssi/fonts/open-sans-v15-latin-regular.ttf"></file>
  		<file href="content/wp-content/themes/275/fssi/fonts/open-sans-v15-latin-regular.woff"></file>
  		<file href="content/wp-content/themes/275/fssi/fonts/open-sans-v15-latin-regulard41d.eot"></file>
  		<file href="content/index.html"></file>
  		<file href="content/index17a0.html"></file>
  		<file href="content/index19ee.html"></file>
  		<file href="content/index3f4f.html"></file>
  		<file href="content/index5464.html"></file>
  		<file href="content/index6705.html"></file>
  		<file href="content/index752a.html"></file>
  		<file href="content/index7eb9.html"></file>
  		<file href="content/index8be9.html"></file>
  		<file href="content/index9840.html"></file>
  		<file href="content/indexb4ba.html"></file>
  		<file href="content/indexb6af.html"></file>
  		<file href="content/indexb884.html"></file>
  		<file href="content/indexdced.html"></file>
  		<file href="content/wp-content/uploads/2019/02/Enabling-technologies-Video-1.pdf"></file>
  		<file href="content/wp-content/themes/275/img/learning_activity.png"></file>
  		<file href="content/wp-content/themes/275/css/fssi.css"></file>
  		<file href="content/wp-content/uploads/2018/11/Arm-02.png"></file>
  		<file href="content/wp-content/uploads/2018/11/Artboard-19.png"></file>
  		<file href="content/wp-content/uploads/2018/11/Artboard-20.png"></file>
  		<file href="content/wp-content/uploads/2018/11/Artboard-21-1.png"></file>
  		<file href="content/wp-content/uploads/2018/11/Artboard-23.png"></file>
  		<file href="content/wp-content/uploads/2018/11/Artboard-4-copy.png"></file>
  		<file href="content/wp-content/uploads/2018/11/Artboard-4.png"></file>
  		<file href="content/wp-content/uploads/2018/11/Artboard-48.png"></file>
  		<file href="content/wp-content/uploads/2018/11/Artboard-6.png"></file>
  		<file href="content/wp-content/uploads/2018/11/Artboard-8-1.png"></file>
  		<file href="content/wp-content/uploads/2018/11/Braile-04.png"></file>
  		<file href="content/wp-content/uploads/2018/11/Crutches-14-e1545259533379.png"></file>
  		<file href="content/wp-content/uploads/2018/11/Cusion-05.png"></file>
  		<file href="content/wp-content/uploads/2018/11/Enabling-Tech-1024x950.png"></file>
  		<file href="content/wp-content/uploads/2018/11/Environmental-control-systems.png"></file>
  		<file href="content/wp-content/uploads/2018/11/HandRail-03.png"></file>
  		<file href="content/wp-content/uploads/2018/11/Headstick-10.png"></file>
  		<file href="content/wp-content/uploads/2018/11/Hearing-aid-07.png"></file>
  		<file href="content/wp-content/uploads/2018/11/LightPointer-08.png"></file>
  		<file href="content/wp-content/uploads/2018/11/Magnifiers-13.png"></file>
  		<file href="content/wp-content/uploads/2018/11/PencilHolder-06.png"></file>
  		<file href="content/wp-content/uploads/2018/11/ProstheticLeg-11.png"></file>
  		<file href="content/wp-content/uploads/2018/11/Ramp-01.png"></file>
  		<file href="content/wp-content/uploads/2018/11/Recreational-control.png"></file>
  		<file href="content/wp-content/uploads/2018/11/Scooter-09.png"></file>
  		<file href="content/wp-content/uploads/2018/11/Service-user.png"></file>
  		<file href="content/wp-content/uploads/2018/11/Support-service-provider-2.png"></file>
  		<file href="content/wp-content/uploads/2018/11/Support-worker.png"></file>
  		<file href="content/wp-content/uploads/2018/11/adult-child-enjoyment-1312023.jpg"></file>
  		<file href="content/wp-content/uploads/2018/11/black-and-white-2.png"></file>
  		<file href="content/wp-content/uploads/2018/11/escalator.png"></file>
  		<file href="content/wp-content/uploads/2018/11/glasses.png"></file>
  		<file href="content/wp-content/uploads/2018/11/lady-in-wheelchair-1-2.png"></file>
  		<file href="content/wp-content/uploads/2018/11/mobile.png"></file>
  		<file href="content/wp-content/uploads/2018/11/remote-control.png"></file>
  		<file href="content/wp-content/uploads/2018/11/the-future-of-AT-template-300x200.jpg"></file>
  		<file href="content/wp-content/uploads/2018/11/wheelchair.png"></file>
  		<file href="content/wp-content/uploads/2019/05/by-nc-nd.svg"></file>
  		<file href="content/wp-content/themes/275/fssi/img/fssi-white.svg"></file>
  		<file href="content/wp-content/uploads/2018/12/Glasses-hearing-aids.jpg"></file>
  		<file href="content/wp-content/uploads/2018/12/beef-1239189_1920-300x198.jpg"></file>
  		<file href="content/wp-content/uploads/2018/12/robot-maid.png"></file>
  		<file href="content/wp-content/uploads/2018/12/smartwatch.jpg"></file>
  		<file href="content/wp-content/uploads/2018/12/surveillance_04.jpg"></file>
  		<file href="content/wp-content/themes/275/fonts/fontawesome-webfont3e6e.eot"></file>
  		<file href="content/wp-content/themes/275/fonts/fontawesome-webfont3e6e.html"></file>
  		<file href="content/wp-content/themes/275/fonts/fontawesome-webfont3e6e.svg"></file>
  		<file href="content/wp-content/themes/275/fonts/fontawesome-webfont3e6e.ttf"></file>
  		<file href="content/wp-content/themes/275/fonts/fontawesome-webfont3e6e.woff"></file>
  		<file href="content/wp-content/themes/275/fonts/fontawesome-webfontd41d.eot"></file>
  		<file href="content/wp-content/themes/275/fssi/js/jquery.min.js"></file>
  		<file href="content/wp-content/themes/275/fssi/js/theme.min.js"></file>
  	</resource>
  </resources>
</manifest>
