<?xml version="1.0" standalone="no" ?>
<!--
Single SCO with basic runtime calls. SCORM 2004 3rd Edition.

Provided by Rustici Software - http://www.scorm.com

This example demonstrates the use of basic runtime calls in a multi-page SCO. It
includes a demonstration of bookmarking, status reporting (completion and success), 
score and time. It also includes the addition of a basic "controller" for providing
intra-SCO navigation.
-->

<manifest identifier="org.futuresocial.greendalecommunity" version="2.1"
          xmlns="http://www.imsglobal.org/xsd/imscp_v1p1"
          xmlns:xsi="http://www.w3.org/2001/XMLSchema-instance"
          xmlns:adlcp="http://www.adlnet.org/xsd/adlcp_v1p3"
          xmlns:adlseq="http://www.adlnet.org/xsd/adlseq_v1p3"
          xmlns:adlnav="http://www.adlnet.org/xsd/adlnav_v1p3"
          xmlns:imsss="http://www.imsglobal.org/xsd/imsss"
          xsi:schemaLocation="http://www.imsglobal.org/xsd/imscp_v1p1 imscp_v1p1.xsd
                              http://www.adlnet.org/xsd/adlcp_v1p3 adlcp_v1p3.xsd
                              http://www.adlnet.org/xsd/adlseq_v1p3 adlseq_v1p3.xsd
                              http://www.adlnet.org/xsd/adlnav_v1p3 adlnav_v1p3.xsd
                              http://www.imsglobal.org/xsd/imsss imsss_v1p0.xsd">
	
  <metadata>
		<schema>ADL SCORM</schema>
		<schemaversion>2004 3rd Edition</schemaversion>
	</metadata>
  <organizations default="org_futuresocial_module_unit">
		<organization identifier="org_futuresocial_module_unit" adlseq:objectivesGlobalToSystem="false" structure="hierarchical">
			<title>Greendale Community</title>
			<item identifier="item_1" identifierref="RES-394255">
				<title>Greendale Community</title>
				<!-- Include some basic sequencing information that overrides the defaults-->
				<imsss:sequencing>
					<imsss:deliveryControls completionSetByContent="true" objectiveSetByContent="true" />
				</imsss:sequencing>
			</item>

		</organization>
  </organizations>
  <resources>


























































































































































  	<resource identifier="RES-394255" type="webcontent" adlcp:scormType="asset" href="content/index.html">
  		<file href="content/wp-content/plugins/h5p/h5p-php-library/images/throbber1576.gif"></file>
  		<file href="content/wp-content/themes/275/css/img/tear.html"></file>
  		<file href="content/wp-content/uploads/2019/01/Beh-Assess-Mgmt-Strategies-template-BAMS01.docx"></file>
  		<file href="content/wp-content/uploads/2019/01/Behaviour-Identification-Chart-Initial-7day-adapted-template.docx"></file>
  		<file href="content/wp-content/uploads/2019/01/Behaviour-monitoring-log-template-BML01.docx"></file>
  		<file href="content/wp-content/uploads/2019/01/Dignity-of-risk-transcript.pdf"></file>
  		<file href="content/wp-content/uploads/2019/01/Transcript_standards-rights-legislation.pdf"></file>
  		<file href="content/wp-content/plugins/h5p/h5p-php-library/fonts/h5p-core-187e87.eot"></file>
  		<file href="content/wp-content/plugins/h5p/h5p-php-library/fonts/h5p-core-187e87.svg"></file>
  		<file href="content/wp-content/plugins/h5p/h5p-php-library/fonts/h5p-core-187e87.ttf"></file>
  		<file href="content/wp-content/plugins/h5p/h5p-php-library/fonts/h5p-core-187e87.woff"></file>
  		<file href="content/wp-content/themes/275/js/jquery.flip.min.js"></file>
  		<file href="content/wp-content/themes/275/js/popper.min68b3.js"></file>
  		<file href="content/wp-content/plugins/h5p/h5p-php-library/styles/h5pde48.css"></file>
  		<file href="content/wp-content/themes/275/fssi/img/theme/assessments.png"></file>
  		<file href="content/wp-content/themes/275/fssi/img/theme/assessments_inverse.png"></file>
  		<file href="content/wp-content/themes/275/fssi/img/theme/breadcrumb_banner.png"></file>
  		<file href="content/wp-content/themes/275/fssi/img/theme/flipme_icon.png"></file>
  		<file href="content/wp-content/themes/275/fssi/img/theme/fssi_logo.png"></file>
  		<file href="content/wp-content/themes/275/fssi/img/theme/key_activities.png"></file>
  		<file href="content/wp-content/themes/275/fssi/img/theme/key_activities_inverse.png"></file>
  		<file href="content/wp-content/themes/275/fssi/img/theme/learning_objectives.png"></file>
  		<file href="content/wp-content/themes/275/fssi/img/theme/learning_objectives_inverse.png"></file>
  		<file href="content/wp-content/themes/275/fssi/img/theme/logo_banner_lighter.png"></file>
  		<file href="content/wp-content/themes/275/fssi/img/theme/nav_header.png"></file>
  		<file href="content/wp-content/themes/275/fssi/img/theme/vcoss_rmit_logo.png"></file>
  		<file href="content/wp-content/themes/275/fssi/fonts/TradeGothicLTPro-BdCn20.html"></file>
  		<file href="content/wp-content/themes/275/fssi/fonts/TradeGothicLTPro-BdCn20.woff"></file>
  		<file href="content/wp-content/themes/275/fssi/fonts/TradeGothicLTStd-Cn18.html"></file>
  		<file href="content/wp-content/themes/275/fssi/fonts/TradeGothicLTStd-Cn18.woff"></file>
  		<file href="content/wp-content/themes/275/fssi/fonts/open-sans-v15-latin-700.eot"></file>
  		<file href="content/wp-content/themes/275/fssi/fonts/open-sans-v15-latin-700.html"></file>
  		<file href="content/wp-content/themes/275/fssi/fonts/open-sans-v15-latin-700.svg"></file>
  		<file href="content/wp-content/themes/275/fssi/fonts/open-sans-v15-latin-700.woff"></file>
  		<file href="content/wp-content/themes/275/fssi/fonts/open-sans-v15-latin-700d41d.eot"></file>
  		<file href="content/wp-content/themes/275/fssi/fonts/open-sans-v15-latin-regular.eot"></file>
  		<file href="content/wp-content/themes/275/fssi/fonts/open-sans-v15-latin-regular.html"></file>
  		<file href="content/wp-content/themes/275/fssi/fonts/open-sans-v15-latin-regular.svg"></file>
  		<file href="content/wp-content/themes/275/fssi/fonts/open-sans-v15-latin-regular.ttf"></file>
  		<file href="content/wp-content/themes/275/fssi/fonts/open-sans-v15-latin-regular.woff"></file>
  		<file href="content/wp-content/themes/275/fssi/fonts/open-sans-v15-latin-regulard41d.eot"></file>
  		<file href="content/data-api-returntype=.html"></file>
  		<file href="content/index.html"></file>
  		<file href="content/index00ff.html"></file>
  		<file href="content/index0494.html"></file>
  		<file href="content/index052f.html"></file>
  		<file href="content/index0b40.html"></file>
  		<file href="content/index0c38.html"></file>
  		<file href="content/index0e39.html"></file>
  		<file href="content/index100d.html"></file>
  		<file href="content/index1855.html"></file>
  		<file href="content/index1e29.html"></file>
  		<file href="content/index1eca.html"></file>
  		<file href="content/index1ff1.html"></file>
  		<file href="content/index2354.html"></file>
  		<file href="content/index23f3.html"></file>
  		<file href="content/index2561.html"></file>
  		<file href="content/index2810.html"></file>
  		<file href="content/index306e.html"></file>
  		<file href="content/index328c.html"></file>
  		<file href="content/index33b4.html"></file>
  		<file href="content/index34c3.html"></file>
  		<file href="content/index3587.html"></file>
  		<file href="content/index397a.html"></file>
  		<file href="content/index3afa.html"></file>
  		<file href="content/index3c1e.html"></file>
  		<file href="content/index3d40.html"></file>
  		<file href="content/index3df5.html"></file>
  		<file href="content/index3e25.html"></file>
  		<file href="content/index4381.html"></file>
  		<file href="content/index43be.html"></file>
  		<file href="content/index4446.html"></file>
  		<file href="content/index44d7.html"></file>
  		<file href="content/index4849.html"></file>
  		<file href="content/index4ac1.html"></file>
  		<file href="content/index4f84.html"></file>
  		<file href="content/index50a8.html"></file>
  		<file href="content/index5251.html"></file>
  		<file href="content/index526e.html"></file>
  		<file href="content/index5549.html"></file>
  		<file href="content/index576a.html"></file>
  		<file href="content/index57cd.html"></file>
  		<file href="content/index5861.html"></file>
  		<file href="content/index58d6.html"></file>
  		<file href="content/index5990.html"></file>
  		<file href="content/index59af.html"></file>
  		<file href="content/index60c9.html"></file>
  		<file href="content/index61e5.html"></file>
  		<file href="content/index67be.html"></file>
  		<file href="content/index6900.html"></file>
  		<file href="content/index69b8.html"></file>
  		<file href="content/index6c8e.html"></file>
  		<file href="content/index6de2.html"></file>
  		<file href="content/index7299.html"></file>
  		<file href="content/index72a4.html"></file>
  		<file href="content/index7367.html"></file>
  		<file href="content/index7a42.html"></file>
  		<file href="content/index82d1.html"></file>
  		<file href="content/index8613.html"></file>
  		<file href="content/index8799.html"></file>
  		<file href="content/index87a8.html"></file>
  		<file href="content/index8a53.html"></file>
  		<file href="content/index8c24.html"></file>
  		<file href="content/index8c73.html"></file>
  		<file href="content/index978e.html"></file>
  		<file href="content/index99f0.html"></file>
  		<file href="content/indexa507.html"></file>
  		<file href="content/indexac7a.html"></file>
  		<file href="content/indexadce.html"></file>
  		<file href="content/indexaf63.html"></file>
  		<file href="content/indexb055.html"></file>
  		<file href="content/indexb2d6.html"></file>
  		<file href="content/indexb3db.html"></file>
  		<file href="content/indexb4f8.html"></file>
  		<file href="content/indexba6b.html"></file>
  		<file href="content/indexbd8f.html"></file>
  		<file href="content/indexbe21.html"></file>
  		<file href="content/indexc030.html"></file>
  		<file href="content/indexc4ff.html"></file>
  		<file href="content/indexc550.html"></file>
  		<file href="content/indexc948.html"></file>
  		<file href="content/indexce24.html"></file>
  		<file href="content/indexcf5f.html"></file>
  		<file href="content/indexd7b2.html"></file>
  		<file href="content/indexd83f.html"></file>
  		<file href="content/indexd8c9.html"></file>
  		<file href="content/indexdb24.html"></file>
  		<file href="content/indexde8c.html"></file>
  		<file href="content/indexdfb3.html"></file>
  		<file href="content/indexe200.html"></file>
  		<file href="content/indexe213.html"></file>
  		<file href="content/indexe90f.html"></file>
  		<file href="content/indexeec6.html"></file>
  		<file href="content/indexf4aa.html"></file>
  		<file href="content/indexf928.html"></file>
  		<file href="content/indexfda1.html"></file>
  		<file href="content/wp-content/themes/275/fssi/img/theme/SVG/fullscreen.svg"></file>
  		<file href="content/wp-content/themes/275/fssi/img/theme/SVG/hamburger.svg"></file>
  		<file href="content/wp-content/themes/275/fssi/img/theme/SVG/next.svg"></file>
  		<file href="content/wp-content/themes/275/fssi/img/theme/SVG/prev.svg"></file>
  		<file href="content/wp-content/themes/41220181/img/learning_activity.html"></file>
  		<file href="content/wp-content/uploads/2019/02/001-Employees-Code-of-Conduct-2019.docx"></file>
  		<file href="content/wp-content/uploads/2019/02/002-Occupational-Health-Safety-2019.docx"></file>
  		<file href="content/wp-content/uploads/2019/02/003-Health-Safety-Resolution-2019.docx"></file>
  		<file href="content/wp-content/uploads/2019/02/004-Injury-Notification-2019.docx"></file>
  		<file href="content/wp-content/uploads/2019/02/005-Emergency-Incident-Response-Management-Reporting-2019.docx"></file>
  		<file href="content/wp-content/uploads/2019/02/006-Fairness-Equity-and-Non-discrimination-2019.docx"></file>
  		<file href="content/wp-content/uploads/2019/02/007-Privacy-and-Confidentiality-2019.docx"></file>
  		<file href="content/wp-content/uploads/2019/02/008-Duty-of-Care-2019.docx"></file>
  		<file href="content/wp-content/uploads/2019/02/009-Professional-Boundaries-2019.doc"></file>
  		<file href="content/wp-content/uploads/2019/02/010-Records-Management-2019.docx"></file>
  		<file href="content/wp-content/uploads/2019/02/011-Internal-Communication-Strategy-2019.doc"></file>
  		<file href="content/wp-content/uploads/2019/02/012-Workplace-Bullying-Harassment-2019.docx"></file>
  		<file href="content/wp-content/uploads/2019/02/013-Occupational-Violence-2019.docx"></file>
  		<file href="content/wp-content/uploads/2019/02/014-Employee-Performance-Appraisal-Program-2019.docx"></file>
  		<file href="content/wp-content/uploads/2019/02/015-Professional-Development-and-Training-2019.docx"></file>
  		<file href="content/wp-content/uploads/2019/02/016-Employee-Supervision-_-Support-Policy-2019.docx"></file>
  		<file href="content/wp-content/uploads/2019/02/017-Responding-to-Alleged-Physical-or-Sexual-Assault-2019.docx"></file>
  		<file href="content/wp-content/uploads/2019/02/017a-IGUANA-guideline_2017_updated-external.pdf"></file>
  		<file href="content/wp-content/uploads/2019/02/018-Infection-control-The-blue-book.pdf"></file>
  		<file href="content/wp-content/uploads/2019/02/018a-Gastro-flow-chart.jpg"></file>
  		<file href="content/wp-content/uploads/2019/02/Behaviour-assessment-report-1.docx"></file>
  		<file href="content/wp-content/uploads/2019/02/DHS-Client-Incident-Report.doc"></file>
  		<file href="content/wp-content/uploads/2019/02/DHS-Missing-Person-Checklist.doc"></file>
  		<file href="content/wp-content/uploads/2019/02/Disability-Support-Workers-2-1024x980.jpg"></file>
  		<file href="content/wp-content/uploads/2019/02/Disability-Support-Workers-2-150x150.jpg"></file>
  		<file href="content/wp-content/uploads/2019/02/Dual-services-provided.png"></file>
  		<file href="content/wp-content/uploads/2019/02/Epilepsy-Seizure-Observation-Chart.doc"></file>
  		<file href="content/wp-content/uploads/2019/02/FORM-A-Hazard-Inpection-initial.docx"></file>
  		<file href="content/wp-content/uploads/2019/02/FORM-B-Risk-assessment.docx"></file>
  		<file href="content/wp-content/uploads/2019/02/General-Manager-150x150.jpg"></file>
  		<file href="content/wp-content/uploads/2019/02/General-Manager.jpg"></file>
  		<file href="content/wp-content/uploads/2019/02/House-Supervisor-150x150.jpg"></file>
  		<file href="content/wp-content/uploads/2019/02/House-Supervisor.jpg"></file>
  		<file href="content/wp-content/uploads/2019/02/Leisure-lifestyle-health-activity-plan.docx"></file>
  		<file href="content/wp-content/uploads/2019/02/Medical-administration-record-Blue-form_0514.doc"></file>
  		<file href="content/wp-content/uploads/2019/02/Medical-administration-record-Yellow-form_0514.doc"></file>
  		<file href="content/wp-content/uploads/2019/02/Medication-administration-record-Pink-form_0514.doc"></file>
  		<file href="content/wp-content/uploads/2019/02/Menstruation-Recording-Sheet.doc"></file>
  		<file href="content/wp-content/uploads/2019/02/Monthly-tooth-brushing-record-January-2016.doc"></file>
  		<file href="content/wp-content/uploads/2019/02/Operations-Manager-1024x1018.jpg"></file>
  		<file href="content/wp-content/uploads/2019/02/Operations-Manager-150x150.jpg"></file>
  		<file href="content/wp-content/uploads/2019/02/Oral-health-assessment-care-plan-2015.docx"></file>
  		<file href="content/wp-content/uploads/2019/02/Skills-Development-plan.docx"></file>
  		<file href="content/wp-content/uploads/2019/02/Transcript-infection-control.pdf"></file>
  		<file href="content/wp-content/uploads/2019/02/das_epilepsyseizure_record_0409.doc"></file>
  		<file href="content/wp-content/uploads/2019/02/org-chart-Greendale-Community-Living@4x.png"></file>
  		<file href="content/wp-content/themes/275/img/learning_activity.png"></file>
  		<file href="content/wp-content/themes/275/css/fssi.css"></file>
  		<file href="content/wp-content/uploads/2019/05/by-nc-nd.svg"></file>
  		<file href="content/wp-content/themes/275/fssi/img/fssi-white.svg"></file>
  		<file href="content/wp-content/uploads/2018/12/Adam_Residential-Manager_VW_cara-1-1024x867-1024x867.jpg"></file>
  		<file href="content/wp-content/uploads/2018/12/Adam_Residential-Manager_VW_cara-1-1024x867-150x150.jpg"></file>
  		<file href="content/wp-content/uploads/2018/12/Ambulance-300x200.png"></file>
  		<file href="content/wp-content/uploads/2018/12/Anna_LifestyleLeisureCoordinator_vw_cara-7-1024x867-1024x867.jpg"></file>
  		<file href="content/wp-content/uploads/2018/12/Anna_LifestyleLeisureCoordinator_vw_cara-7-1024x867-150x150.jpg"></file>
  		<file href="content/wp-content/uploads/2018/12/CP01-Care-Plan-Frank-OConnell.docx"></file>
  		<file href="content/wp-content/uploads/2018/12/Dietician-300x200.png"></file>
  		<file href="content/wp-content/uploads/2018/12/FORM-A-Hazard-Inpection-initial.png"></file>
  		<file href="content/wp-content/uploads/2018/12/Facial_Expressions_Dot_Sad-150x150.png"></file>
  		<file href="content/wp-content/uploads/2018/12/Fall-recovery-01.jpg"></file>
  		<file href="content/wp-content/uploads/2018/12/Fall-recovery-02.jpg"></file>
  		<file href="content/wp-content/uploads/2018/12/Fall-recovery-03.jpg"></file>
  		<file href="content/wp-content/uploads/2018/12/Fall-recovery-04.jpg"></file>
  		<file href="content/wp-content/uploads/2018/12/Fall-recovery-06.jpg"></file>
  		<file href="content/wp-content/uploads/2018/12/Fall-recovery-07.jpg"></file>
  		<file href="content/wp-content/uploads/2018/12/Fall-recovery-08.jpg"></file>
  		<file href="content/wp-content/uploads/2018/12/Fire-hazard.jpg"></file>
  		<file href="content/wp-content/uploads/2018/12/Funding-Disability-1024x567.jpg"></file>
  		<file href="content/wp-content/uploads/2018/12/Funding.png"></file>
  		<file href="content/wp-content/uploads/2018/12/Gastroenteritis-outbreaks.png"></file>
  		<file href="content/wp-content/uploads/2018/12/Greendale-Incident-Report-template.docx"></file>
  		<file href="content/wp-content/uploads/2018/12/Hand-washing.jpg"></file>
  		<file href="content/wp-content/uploads/2018/12/Hazard-alert-HA01.docx"></file>
  		<file href="content/wp-content/uploads/2018/12/IdentifyingHazards_ManualHandling-159x300.png"></file>
  		<file href="content/wp-content/uploads/2018/12/Is-it-ever-ok-to-breach-privacy-1024x566.jpg"></file>
  		<file href="content/wp-content/uploads/2018/12/Jim_Volunteer_VW-cara-8-1024x867-1024x867.jpg"></file>
  		<file href="content/wp-content/uploads/2018/12/Jim_Volunteer_VW-cara-8-1024x867-150x150.jpg"></file>
  		<file href="content/wp-content/uploads/2018/12/Katarina_RegisteredNurse_VW_cara_4-1024x867-1024x867.jpg"></file>
  		<file href="content/wp-content/uploads/2018/12/Katarina_RegisteredNurse_VW_cara_4-1024x867-150x150.jpg"></file>
  		<file href="content/wp-content/uploads/2018/12/Katie_AdministrationAssistant_VW_Cara_3-1024x867-1024x867.jpg"></file>
  		<file href="content/wp-content/uploads/2018/12/Katie_AdministrationAssistant_VW_Cara_3-1024x867-150x150.jpg"></file>
  		<file href="content/wp-content/uploads/2018/12/Oral-health-300x200.png"></file>
  		<file href="content/wp-content/uploads/2018/12/PN01-Progress-Notes-template.doc"></file>
  		<file href="content/wp-content/uploads/2018/12/Palliative-care-300x200.png"></file>
  		<file href="content/wp-content/uploads/2018/12/Palliative-care-plan-template.docx"></file>
  		<file href="content/wp-content/uploads/2018/12/Physiotherapy-300x200.png"></file>
  		<file href="content/wp-content/uploads/2018/12/Privacy-breaches.jpg"></file>
  		<file href="content/wp-content/uploads/2018/12/Protective-equipment-e1546476391759.png"></file>
  		<file href="content/wp-content/uploads/2018/12/Report-it-transcipt.pdf"></file>
  		<file href="content/wp-content/uploads/2018/12/Reporting-conflict-of-interest.jpg"></file>
  		<file href="content/wp-content/uploads/2018/12/Room-audit-RA01.docx"></file>
  		<file href="content/wp-content/uploads/2018/12/Sally_CookBG_VW-cara-6-1024x867-1024x867.jpg"></file>
  		<file href="content/wp-content/uploads/2018/12/Sally_CookBG_VW-cara-6-1024x867-150x150.jpg"></file>
  		<file href="content/wp-content/uploads/2018/12/Stavros_MaintenanceOfficer_VW_cara-5-1024x867-1024x867.jpg"></file>
  		<file href="content/wp-content/uploads/2018/12/Stavros_MaintenanceOfficer_VW_cara-5-1024x867-150x150.jpg"></file>
  		<file href="content/wp-content/uploads/2018/12/Sumner_House-144-2-2-1024x590.jpg"></file>
  		<file href="content/wp-content/uploads/2018/12/Support-Worker-Aged-Care-PCA.docx"></file>
  		<file href="content/wp-content/uploads/2018/12/Support-Worker-DIS-DSW.docx"></file>
  		<file href="content/wp-content/uploads/2018/12/Sven-beard-vw_cara-9-1024x867-1024x876.jpg"></file>
  		<file href="content/wp-content/uploads/2018/12/Sven-beard-vw_cara-9-1024x867-150x150.jpg"></file>
  		<file href="content/wp-content/uploads/2018/12/Transcript-language-and-cultural-barriers.pdf"></file>
  		<file href="content/wp-content/uploads/2018/12/Transcript-lifting-machine.pdf"></file>
  		<file href="content/wp-content/uploads/2018/12/VW-Welcome.jpg"></file>
  		<file href="content/wp-content/uploads/2018/12/VWP-Poison-e1546476375481.png"></file>
  		<file href="content/wp-content/uploads/2018/12/Vicki_ClinicalManager-1024x867.jpg"></file>
  		<file href="content/wp-content/uploads/2018/12/Vicki_ClinicalManager-150x150.jpg"></file>
  		<file href="content/wp-content/uploads/2018/12/WHS-1024x683.jpg"></file>
  		<file href="content/wp-content/uploads/2018/12/Worksafe-VIC-Incident-notification-form-2017-06.pdf"></file>
  		<file href="content/wp-content/uploads/2018/12/Wound-nurse-300x200.png"></file>
  		<file href="content/wp-content/uploads/2018/12/Your-role-pt1-1024x568.jpg"></file>
  		<file href="content/wp-content/uploads/2018/12/act-1.png"></file>
  		<file href="content/wp-content/uploads/2018/12/ageing.jpg"></file>
  		<file href="content/wp-content/uploads/2018/12/background-1.png"></file>
  		<file href="content/wp-content/uploads/2018/12/background.png"></file>
  		<file href="content/wp-content/uploads/2018/12/blood_spill_c1h-3-e1515477158577.png"></file>
  		<file href="content/wp-content/uploads/2018/12/blue-pyramid.png"></file>
  		<file href="content/wp-content/uploads/2018/12/bowel-chart.pdf"></file>
  		<file href="content/wp-content/uploads/2018/12/candle-flame_c1h-8-e1515477622529.jpg"></file>
  		<file href="content/wp-content/uploads/2018/12/chain-of-infection-1.png"></file>
  		<file href="content/wp-content/uploads/2018/12/code-of-practice.png"></file>
  		<file href="content/wp-content/uploads/2018/12/controlling-risk-bg.png"></file>
  		<file href="content/wp-content/uploads/2018/12/file-5a388175ed146.jpg"></file>
  		<file href="content/wp-content/uploads/2018/12/file-5a3882cf4c91d.jpg"></file>
  		<file href="content/wp-content/uploads/2018/12/five.png"></file>
  		<file href="content/wp-content/uploads/2018/12/folder-green-300x300.png"></file>
  		<file href="content/wp-content/uploads/2018/12/four.png"></file>
  		<file href="content/wp-content/uploads/2018/12/gastroenteritis-outbreaks-flowchart.pdf"></file>
  		<file href="content/wp-content/uploads/2018/12/green-pyramid.png"></file>
  		<file href="content/wp-content/uploads/2018/12/guidance-material.png"></file>
  		<file href="content/wp-content/uploads/2018/12/hazards-in-the-home.jpg"></file>
  		<file href="content/wp-content/uploads/2018/12/medication_c1h-2.jpg"></file>
  		<file href="content/wp-content/uploads/2018/12/needle_c1h-1.jpg"></file>
  		<file href="content/wp-content/uploads/2018/12/one.png"></file>
  		<file href="content/wp-content/uploads/2018/12/orange-pyramid.png"></file>
  		<file href="content/wp-content/uploads/2018/12/org-chart@4x.png"></file>
  		<file href="content/wp-content/uploads/2018/12/radiation@2x-e1551223681914.png"></file>
  		<file href="content/wp-content/uploads/2018/12/red-pyramid.png"></file>
  		<file href="content/wp-content/uploads/2018/12/regulations.png"></file>
  		<file href="content/wp-content/uploads/2018/12/risk-assessment-transcript.pdf"></file>
  		<file href="content/wp-content/uploads/2018/12/rubbish_c1h-5.jpg"></file>
  		<file href="content/wp-content/uploads/2018/12/sharps-biohazard-1-e1546476326583.png"></file>
  		<file href="content/wp-content/uploads/2018/12/sharps-biohazard-e1546476409857.png"></file>
  		<file href="content/wp-content/uploads/2018/12/spil-gloves-maskl.jpg"></file>
  		<file href="content/wp-content/uploads/2018/12/spill-emergency-cleaning.jpg"></file>
  		<file href="content/wp-content/uploads/2018/12/spill-kits.jpg"></file>
  		<file href="content/wp-content/uploads/2018/12/spill-signs-slippery.jpg"></file>
  		<file href="content/wp-content/uploads/2018/12/spill-signs.jpg"></file>
  		<file href="content/wp-content/uploads/2018/12/spill-supervisor.jpg"></file>
  		<file href="content/wp-content/uploads/2018/12/spill.jpg"></file>
  		<file href="content/wp-content/uploads/2018/12/spills-dec-phone.jpg"></file>
  		<file href="content/wp-content/uploads/2018/12/three.png"></file>
  		<file href="content/wp-content/uploads/2018/12/tripping_c1h-4-e1515477447217.jpg"></file>
  		<file href="content/wp-content/uploads/2018/12/two.png"></file>
  		<file href="content/wp-content/uploads/2018/12/wash_dry_hands-Aust-Govt.jpg"></file>
  		<file href="content/wp-content/uploads/2018/12/woman-3188744_1280.jpg"></file>
  		<file href="content/wp-content/uploads/2018/12/yellow-pyramid-1.png"></file>
  		<file href="content/wp-content/themes/275/fonts/fontawesome-webfont3e6e.eot"></file>
  		<file href="content/wp-content/themes/275/fonts/fontawesome-webfont3e6e.html"></file>
  		<file href="content/wp-content/themes/275/fonts/fontawesome-webfont3e6e.svg"></file>
  		<file href="content/wp-content/themes/275/fonts/fontawesome-webfont3e6e.ttf"></file>
  		<file href="content/wp-content/themes/275/fonts/fontawesome-webfont3e6e.woff"></file>
  		<file href="content/wp-content/themes/275/fonts/fontawesome-webfontd41d.eot"></file>
  		<file href="content/wp-content/themes/275/fssi/js/jquery.min.js"></file>
  		<file href="content/wp-content/themes/275/fssi/js/theme.min.js"></file>
  	</resource>
  </resources>
</manifest>
