<?xml version="1.0" standalone="no" ?>
<!--
Single SCO with basic runtime calls. SCORM 2004 3rd Edition.

Provided by Rustici Software - http://www.scorm.com

This example demonstrates the use of basic runtime calls in a multi-page SCO. It
includes a demonstration of bookmarking, status reporting (completion and success), 
score and time. It also includes the addition of a basic "controller" for providing
intra-SCO navigation.
-->

<manifest identifier="org.futuresocial.powerandabuse.communitiescultureandpower" version="2.1"
          xmlns="http://www.imsglobal.org/xsd/imscp_v1p1"
          xmlns:xsi="http://www.w3.org/2001/XMLSchema-instance"
          xmlns:adlcp="http://www.adlnet.org/xsd/adlcp_v1p3"
          xmlns:adlseq="http://www.adlnet.org/xsd/adlseq_v1p3"
          xmlns:adlnav="http://www.adlnet.org/xsd/adlnav_v1p3"
          xmlns:imsss="http://www.imsglobal.org/xsd/imsss"
          xsi:schemaLocation="http://www.imsglobal.org/xsd/imscp_v1p1 imscp_v1p1.xsd
                              http://www.adlnet.org/xsd/adlcp_v1p3 adlcp_v1p3.xsd
                              http://www.adlnet.org/xsd/adlseq_v1p3 adlseq_v1p3.xsd
                              http://www.adlnet.org/xsd/adlnav_v1p3 adlnav_v1p3.xsd
                              http://www.imsglobal.org/xsd/imsss imsss_v1p0.xsd">
	
  <metadata>
		<schema>ADL SCORM</schema>
		<schemaversion>2004 3rd Edition</schemaversion>
	</metadata>
  <organizations default="org_futuresocial_module_unit">
		<organization identifier="org_futuresocial_module_unit" adlseq:objectivesGlobalToSystem="false" structure="hierarchical">
			<title>Power and Abuse - Communities, culture and power</title>
			<item identifier="item_1" identifierref="RES-76795">
				<title>Power and Abuse - Communities, culture and power</title>
				<!-- Include some basic sequencing information that overrides the defaults-->
				<imsss:sequencing>
					<imsss:deliveryControls completionSetByContent="true" objectiveSetByContent="true" />
				</imsss:sequencing>
			</item>

		</organization>
  </organizations>
  <resources>



































































































































































  	<resource identifier="RES-76795" type="webcontent" adlcp:scormType="asset" href="content/index.html">
  		<file href="content/wp-content/plugins/h5p/h5p-php-library/images/throbber1576.gif"></file>
  		<file href="content/wp-content/themes/275/css/img/tear.html"></file>
  		<file href="content/wp-content/plugins/h5p/h5p-php-library/fonts/h5p-core-187e87.eot"></file>
  		<file href="content/wp-content/plugins/h5p/h5p-php-library/fonts/h5p-core-187e87.svg"></file>
  		<file href="content/wp-content/plugins/h5p/h5p-php-library/fonts/h5p-core-187e87.ttf"></file>
  		<file href="content/wp-content/plugins/h5p/h5p-php-library/fonts/h5p-core-187e87.woff"></file>
  		<file href="content/wp-content/themes/275/js/popper.min68b3.js"></file>
  		<file href="content/wp-content/plugins/h5p/h5p-php-library/styles/h5pde48.css"></file>
  		<file href="content/wp-content/themes/275/fssi/img/theme/assessments.png"></file>
  		<file href="content/wp-content/themes/275/fssi/img/theme/assessments_inverse.png"></file>
  		<file href="content/wp-content/themes/275/fssi/img/theme/breadcrumb_banner.png"></file>
  		<file href="content/wp-content/themes/275/fssi/img/theme/flipme_icon.png"></file>
  		<file href="content/wp-content/themes/275/fssi/img/theme/fssi_logo.png"></file>
  		<file href="content/wp-content/themes/275/fssi/img/theme/key_activities.png"></file>
  		<file href="content/wp-content/themes/275/fssi/img/theme/key_activities_inverse.png"></file>
  		<file href="content/wp-content/themes/275/fssi/img/theme/learning_objectives.png"></file>
  		<file href="content/wp-content/themes/275/fssi/img/theme/learning_objectives_inverse.png"></file>
  		<file href="content/wp-content/themes/275/fssi/img/theme/logo_banner_lighter.png"></file>
  		<file href="content/wp-content/themes/275/fssi/img/theme/nav_header.png"></file>
  		<file href="content/wp-content/themes/275/fssi/img/theme/vcoss_rmit_logo.png"></file>
  		<file href="content/wp-content/themes/275/fssi/fonts/TradeGothicLTPro-BdCn20.html"></file>
  		<file href="content/wp-content/themes/275/fssi/fonts/TradeGothicLTPro-BdCn20.woff"></file>
  		<file href="content/wp-content/themes/275/fssi/fonts/TradeGothicLTStd-Cn18.html"></file>
  		<file href="content/wp-content/themes/275/fssi/fonts/TradeGothicLTStd-Cn18.woff"></file>
  		<file href="content/wp-content/themes/275/fssi/fonts/open-sans-v15-latin-700.eot"></file>
  		<file href="content/wp-content/themes/275/fssi/fonts/open-sans-v15-latin-700.html"></file>
  		<file href="content/wp-content/themes/275/fssi/fonts/open-sans-v15-latin-700.svg"></file>
  		<file href="content/wp-content/themes/275/fssi/fonts/open-sans-v15-latin-700.woff"></file>
  		<file href="content/wp-content/themes/275/fssi/fonts/open-sans-v15-latin-700d41d.eot"></file>
  		<file href="content/wp-content/themes/275/fssi/fonts/open-sans-v15-latin-regular.eot"></file>
  		<file href="content/wp-content/themes/275/fssi/fonts/open-sans-v15-latin-regular.html"></file>
  		<file href="content/wp-content/themes/275/fssi/fonts/open-sans-v15-latin-regular.svg"></file>
  		<file href="content/wp-content/themes/275/fssi/fonts/open-sans-v15-latin-regular.ttf"></file>
  		<file href="content/wp-content/themes/275/fssi/fonts/open-sans-v15-latin-regular.woff"></file>
  		<file href="content/wp-content/themes/275/fssi/fonts/open-sans-v15-latin-regulard41d.eot"></file>
  		<file href="content/index.html"></file>
  		<file href="content/index1168.html"></file>
  		<file href="content/index1f93.html"></file>
  		<file href="content/index2bd9.html"></file>
  		<file href="content/index5328.html"></file>
  		<file href="content/index53f5.html"></file>
  		<file href="content/index74d7.html"></file>
  		<file href="content/index97e1.html"></file>
  		<file href="content/indexa39d.html"></file>
  		<file href="content/indexc965.html"></file>
  		<file href="content/indexcf99.html"></file>
  		<file href="content/indexe704.html"></file>
  		<file href="content/wp-content/themes/275/img/learning_activity.png"></file>
  		<file href="content/wp-content/themes/275/css/fssi.css"></file>
  		<file href="content/wp-content/themes/275/fssi/img/fssi-white.svg"></file>
  		<file href="content/wp-content/uploads/2019/05/by-nc-nd.svg"></file>
  		<file href="content/wp-content/uploads/2018/12/3-1024x867.jpg"></file>
  		<file href="content/wp-content/uploads/2018/12/3-150x150.jpg"></file>
  		<file href="content/wp-content/uploads/2018/12/Closed-doors-1024x546.jpg"></file>
  		<file href="content/wp-content/uploads/2018/12/Closed-doors-150x150.jpg"></file>
  		<file href="content/wp-content/uploads/2018/12/Power-and-abuse-video-3.pdf"></file>
  		<file href="content/wp-content/uploads/2018/12/Restricting-access-to-information-1024x683.jpg"></file>
  		<file href="content/wp-content/uploads/2018/12/Restricting-access-to-information-150x150.jpg"></file>
  		<file href="content/wp-content/uploads/2018/12/Sumner_House-110-2-1024x683.jpg"></file>
  		<file href="content/wp-content/uploads/2018/12/Sumner_House-110-2-150x150.jpg"></file>
  		<file href="content/wp-content/uploads/2018/12/Sumner_House-123-2-1024x683.jpg"></file>
  		<file href="content/wp-content/uploads/2018/12/Sumner_House-123-2-150x150.jpg"></file>
  		<file href="content/wp-content/uploads/2018/12/Sumner_House-141-2-1024x683.jpg"></file>
  		<file href="content/wp-content/uploads/2018/12/Sumner_House-141-2-150x150.jpg"></file>
  		<file href="content/wp-content/uploads/2018/12/confused-1024x626.jpg"></file>
  		<file href="content/wp-content/uploads/2018/12/confused-150x150.jpg"></file>
  		<file href="content/wp-content/uploads/2018/12/culture_01-1024x683.jpg"></file>
  		<file href="content/wp-content/uploads/2018/12/interview-1024x926.jpg"></file>
  		<file href="content/wp-content/uploads/2018/12/interview-150x150.jpg"></file>
  		<file href="content/wp-content/uploads/2018/12/lisbon-1143729_1920.jpg"></file>
  		<file href="content/wp-content/uploads/2018/12/photo-1512354398714-bec2e938dc05-1024x683.jpg"></file>
  		<file href="content/wp-content/uploads/2018/12/photo-1512354398714-bec2e938dc05-150x150.jpg"></file>
  		<file href="content/wp-content/uploads/2018/12/surveillance_01-1024x683.jpg"></file>
  		<file href="content/wp-content/uploads/2018/12/surveillance_01-150x150.jpg"></file>
  		<file href="content/wp-content/uploads/2018/12/surveillance_02-1024x683.jpg"></file>
  		<file href="content/wp-content/uploads/2018/12/surveillance_02-150x150.jpg"></file>
  		<file href="content/wp-content/uploads/2018/12/surveillance_03-1024x684.jpg"></file>
  		<file href="content/wp-content/uploads/2018/12/surveillance_03-150x150.jpg"></file>
  		<file href="content/wp-content/uploads/2018/12/surveillance_04-1024x576.jpg"></file>
  		<file href="content/wp-content/uploads/2018/12/surveillance_04-150x150.jpg"></file>
  		<file href="content/wp-content/uploads/2018/12/thepast_02-1024x683.jpg"></file>
  		<file href="content/wp-content/uploads/2018/12/thepast_02-150x150.jpg"></file>
  		<file href="content/wp-content/themes/275/fonts/fontawesome-webfont3e6e.eot"></file>
  		<file href="content/wp-content/themes/275/fonts/fontawesome-webfont3e6e.html"></file>
  		<file href="content/wp-content/themes/275/fonts/fontawesome-webfont3e6e.svg"></file>
  		<file href="content/wp-content/themes/275/fonts/fontawesome-webfont3e6e.ttf"></file>
  		<file href="content/wp-content/themes/275/fonts/fontawesome-webfont3e6e.woff"></file>
  		<file href="content/wp-content/themes/275/fonts/fontawesome-webfontd41d.eot"></file>
  		<file href="content/wp-content/themes/275/fssi/js/jquery.min.js"></file>
  		<file href="content/wp-content/themes/275/fssi/js/theme.min.js"></file>
  	</resource>
  </resources>
</manifest>
