<?xml version="1.0" standalone="no" ?>
<!--
Single SCO with basic runtime calls. SCORM 2004 3rd Edition.

Provided by Rustici Software - http://www.scorm.com

This example demonstrates the use of basic runtime calls in a multi-page SCO. It
includes a demonstration of bookmarking, status reporting (completion and success), 
score and time. It also includes the addition of a basic "controller" for providing
intra-SCO navigation.
-->

<manifest identifier="org.futuresocial.clustertwo.weekseven" version="2.1"
          xmlns="http://www.imsglobal.org/xsd/imscp_v1p1"
          xmlns:xsi="http://www.w3.org/2001/XMLSchema-instance"
          xmlns:adlcp="http://www.adlnet.org/xsd/adlcp_v1p3"
          xmlns:adlseq="http://www.adlnet.org/xsd/adlseq_v1p3"
          xmlns:adlnav="http://www.adlnet.org/xsd/adlnav_v1p3"
          xmlns:imsss="http://www.imsglobal.org/xsd/imsss"
          xsi:schemaLocation="http://www.imsglobal.org/xsd/imscp_v1p1 imscp_v1p1.xsd
                              http://www.adlnet.org/xsd/adlcp_v1p3 adlcp_v1p3.xsd
                              http://www.adlnet.org/xsd/adlseq_v1p3 adlseq_v1p3.xsd
                              http://www.adlnet.org/xsd/adlnav_v1p3 adlnav_v1p3.xsd
                              http://www.imsglobal.org/xsd/imsss imsss_v1p0.xsd">
	
  <metadata>
		<schema>ADL SCORM</schema>
		<schemaversion>2004 3rd Edition</schemaversion>
	</metadata>
  <organizations default="org_futuresocial_module_unit">
		<organization identifier="org_futuresocial_module_unit" adlseq:objectivesGlobalToSystem="false" structure="hierarchical">
			<title>Cluster Three - Week Seven</title>
			<item identifier="item_1" identifierref="RES-360298">
				<title>Cluster Three - Week Seven</title>
				<!-- Include some basic sequencing information that overrides the defaults-->
				<imsss:sequencing>
					<imsss:deliveryControls completionSetByContent="true" objectiveSetByContent="true" />
				</imsss:sequencing>
			</item>

		</organization>
  </organizations>
  <resources>


































































































































  	<resource identifier="RES-360298" type="webcontent" adlcp:scormType="sco" href="content/index.html">
  		<file href="content/wp-content/plugins/h5p/h5p-php-library/images/throbber1576.gif"></file>
  		<file href="content/wp-content/themes/275/css/img/tear.html"></file>
  		<file href="content/wp-content/plugins/h5p/h5p-php-library/fonts/h5p-core-187e87.eot"></file>
  		<file href="content/wp-content/plugins/h5p/h5p-php-library/fonts/h5p-core-187e87.svg"></file>
  		<file href="content/wp-content/plugins/h5p/h5p-php-library/fonts/h5p-core-187e87.ttf"></file>
  		<file href="content/wp-content/plugins/h5p/h5p-php-library/fonts/h5p-core-187e87.woff"></file>
  		<file href="content/wp-content/themes/275/js/popper.min68b3.js"></file>
  		<file href="content/wp-content/plugins/h5p/h5p-php-library/styles/h5pde48.css"></file>
  		<file href="content/wp-content/themes/275/fssi/img/theme/assessments.png"></file>
  		<file href="content/wp-content/themes/275/fssi/img/theme/assessments_inverse.png"></file>
  		<file href="content/wp-content/themes/275/fssi/img/theme/breadcrumb_banner.png"></file>
  		<file href="content/wp-content/themes/275/fssi/img/theme/flipme_icon.png"></file>
  		<file href="content/wp-content/themes/275/fssi/img/theme/fssi_logo.png"></file>
  		<file href="content/wp-content/themes/275/fssi/img/theme/key_activities.png"></file>
  		<file href="content/wp-content/themes/275/fssi/img/theme/key_activities_inverse.png"></file>
  		<file href="content/wp-content/themes/275/fssi/img/theme/learning_objectives.png"></file>
  		<file href="content/wp-content/themes/275/fssi/img/theme/learning_objectives_inverse.png"></file>
  		<file href="content/wp-content/themes/275/fssi/img/theme/logo_banner_lighter.png"></file>
  		<file href="content/wp-content/themes/275/fssi/img/theme/nav_header.png"></file>
  		<file href="content/wp-content/themes/275/fssi/img/theme/vcoss_rmit_logo.png"></file>
  		<file href="content/wp-content/themes/275/fssi/fonts/TradeGothicLTPro-BdCn20.html"></file>
  		<file href="content/wp-content/themes/275/fssi/fonts/TradeGothicLTPro-BdCn20.woff"></file>
  		<file href="content/wp-content/themes/275/fssi/fonts/TradeGothicLTStd-Cn18.html"></file>
  		<file href="content/wp-content/themes/275/fssi/fonts/TradeGothicLTStd-Cn18.woff"></file>
  		<file href="content/wp-content/themes/275/fssi/fonts/open-sans-v15-latin-700.eot"></file>
  		<file href="content/wp-content/themes/275/fssi/fonts/open-sans-v15-latin-700.html"></file>
  		<file href="content/wp-content/themes/275/fssi/fonts/open-sans-v15-latin-700.svg"></file>
  		<file href="content/wp-content/themes/275/fssi/fonts/open-sans-v15-latin-700.woff"></file>
  		<file href="content/wp-content/themes/275/fssi/fonts/open-sans-v15-latin-700d41d.eot"></file>
  		<file href="content/wp-content/themes/275/fssi/fonts/open-sans-v15-latin-regular.eot"></file>
  		<file href="content/wp-content/themes/275/fssi/fonts/open-sans-v15-latin-regular.html"></file>
  		<file href="content/wp-content/themes/275/fssi/fonts/open-sans-v15-latin-regular.svg"></file>
  		<file href="content/wp-content/themes/275/fssi/fonts/open-sans-v15-latin-regular.ttf"></file>
  		<file href="content/wp-content/themes/275/fssi/fonts/open-sans-v15-latin-regular.woff"></file>
  		<file href="content/wp-content/themes/275/fssi/fonts/open-sans-v15-latin-regulard41d.eot"></file>
  		<file href="content/index.html"></file>
  		<file href="content/index096b.html"></file>
  		<file href="content/index136b.html"></file>
  		<file href="content/index4ba3.html"></file>
  		<file href="content/index5df8.html"></file>
  		<file href="content/index631a.html"></file>
  		<file href="content/index63c6.html"></file>
  		<file href="content/index71bf.html"></file>
  		<file href="content/index87ca.html"></file>
  		<file href="content/index99ca.html"></file>
  		<file href="content/index9d46.html"></file>
  		<file href="content/indexafa1.html"></file>
  		<file href="content/indexbf5b.html"></file>
  		<file href="content/indexe490.html"></file>
  		<file href="content/indexf695.html"></file>
  		<file href="content/wp-content/themes/41220181/img/learning_activity.html"></file>
  		<file href="content/wp-content/themes/275/img/alert.png"></file>
  		<file href="content/wp-content/themes/275/img/have_a_go.png"></file>
  		<file href="content/wp-content/themes/275/css/fssi.css"></file>
  		<file href="content/wp-content/uploads/2019/05/by-nc-nd.svg"></file>
  		<file href="content/wp-content/themes/275/fssi/img/fssi-white.svg"></file>
  		<file href="content/wp-content/uploads/2018/12/IdentifyingHazards_FallingObjects-300x300.png"></file>
  		<file href="content/wp-content/uploads/2018/12/IdentifyingHazards_ManualHandling-300x300.png"></file>
  		<file href="content/wp-content/uploads/2018/12/IdentifyingHazards_Stress-300x300.png"></file>
  		<file href="content/wp-content/uploads/2018/12/IdentifyingHazards_WorkplaceViolence-300x300.png"></file>
  		<file href="content/wp-content/uploads/2018/12/Ipad_CarePlan-277x300.png"></file>
  		<file href="content/wp-content/uploads/2018/12/ProgressNotes-01-768x768-150x150.png"></file>
  		<file href="content/wp-content/uploads/2018/12/ProgressNotes-01-768x768.png"></file>
  		<file href="content/wp-content/uploads/2018/12/ProgressNotes-02-768x768-150x150.png"></file>
  		<file href="content/wp-content/uploads/2018/12/ProgressNotes-02-768x768.png"></file>
  		<file href="content/wp-content/uploads/2018/12/ProgressNotes-03-768x768-150x150.png"></file>
  		<file href="content/wp-content/uploads/2018/12/ProgressNotes-03-768x768.png"></file>
  		<file href="content/wp-content/uploads/2018/12/ProgressNotes-04-768x768-150x150.png"></file>
  		<file href="content/wp-content/uploads/2018/12/ProgressNotes-04-768x768.png"></file>
  		<file href="content/wp-content/uploads/2018/12/ProgressNotes-05-768x768-150x150.png"></file>
  		<file href="content/wp-content/uploads/2018/12/ProgressNotes-05-768x768.png"></file>
  		<file href="content/wp-content/uploads/2018/12/ProgressNotes-06-768x768-150x150.png"></file>
  		<file href="content/wp-content/uploads/2018/12/ProgressNotes-06-768x768.png"></file>
  		<file href="content/wp-content/uploads/2018/12/Transcript__Reporting-a-hazard.pdf"></file>
  		<file href="content/wp-content/uploads/2018/12/batch-books-document-357514-300x200.jpg"></file>
  		<file href="content/wp-content/uploads/2018/12/cleaning-liquid-300x300.png"></file>
  		<file href="content/wp-content/uploads/2018/12/medical.jpg"></file>
  		<file href="content/wp-content/uploads/2018/12/spills-sign-c4-hw-11-300x300.png"></file>
  		<file href="content/wp-content/themes/275/fonts/fontawesome-webfont3e6e.eot"></file>
  		<file href="content/wp-content/themes/275/fonts/fontawesome-webfont3e6e.html"></file>
  		<file href="content/wp-content/themes/275/fonts/fontawesome-webfont3e6e.svg"></file>
  		<file href="content/wp-content/themes/275/fonts/fontawesome-webfont3e6e.ttf"></file>
  		<file href="content/wp-content/themes/275/fonts/fontawesome-webfont3e6e.woff"></file>
  		<file href="content/wp-content/themes/275/fonts/fontawesome-webfontd41d.eot"></file>
  		<file href="content/wp-content/themes/275/fssi/js/jquery.min.js"></file>
  		<file href="content/wp-content/themes/275/fssi/js/theme.min.js"></file>
  	</resource>
  </resources>
</manifest>
