<?xml version="1.0" standalone="no" ?>
<!--
Single SCO with basic runtime calls. SCORM 2004 3rd Edition.

Provided by Rustici Software - http://www.scorm.com

This example demonstrates the use of basic runtime calls in a multi-page SCO. It
includes a demonstration of bookmarking, status reporting (completion and success), 
score and time. It also includes the addition of a basic "controller" for providing
intra-SCO navigation.
-->

<manifest identifier="org.futuresocial.clustertwo.weekthree" version="2.1"
          xmlns="http://www.imsglobal.org/xsd/imscp_v1p1"
          xmlns:xsi="http://www.w3.org/2001/XMLSchema-instance"
          xmlns:adlcp="http://www.adlnet.org/xsd/adlcp_v1p3"
          xmlns:adlseq="http://www.adlnet.org/xsd/adlseq_v1p3"
          xmlns:adlnav="http://www.adlnet.org/xsd/adlnav_v1p3"
          xmlns:imsss="http://www.imsglobal.org/xsd/imsss"
          xsi:schemaLocation="http://www.imsglobal.org/xsd/imscp_v1p1 imscp_v1p1.xsd
                              http://www.adlnet.org/xsd/adlcp_v1p3 adlcp_v1p3.xsd
                              http://www.adlnet.org/xsd/adlseq_v1p3 adlseq_v1p3.xsd
                              http://www.adlnet.org/xsd/adlnav_v1p3 adlnav_v1p3.xsd
                              http://www.imsglobal.org/xsd/imsss imsss_v1p0.xsd">
	
  <metadata>
		<schema>ADL SCORM</schema>
		<schemaversion>2004 3rd Edition</schemaversion>
	</metadata>
  <organizations default="org_futuresocial_module_unit">
		<organization identifier="org_futuresocial_module_unit" adlseq:objectivesGlobalToSystem="false" structure="hierarchical">
			<title>Cluster Three - Week Three</title>
			<item identifier="item_1" identifierref="RES-115106">
				<title>Cluster Three - Week Three</title>
				<!-- Include some basic sequencing information that overrides the defaults-->
				<imsss:sequencing>
					<imsss:deliveryControls completionSetByContent="true" objectiveSetByContent="true" />
				</imsss:sequencing>
			</item>
			<imsss:sequencing>
				<imsss:controlMode choice="true" flow="true" />
			</imsss:sequencing>
		</organization>
  </organizations>
  <resources>





























































































































  	<resource identifier="RES-115106" type="webcontent" adlcp:scormType="asset" href="content/index.html">
  		<file href="content/wp-content/plugins/h5p/h5p-php-library/images/throbber1576.gif"></file>
  		<file href="content/wp-content/uploads/games/say-what/mediaelements/background.png"></file>
  		<file href="content/wp-content/uploads/games/say-what/mediaelements/bigplay.png"></file>
  		<file href="content/wp-content/uploads/games/say-what/mediaelements/controls.png"></file>
  		<file href="content/wp-content/uploads/games/say-what/mediaelements/controls.svg"></file>
  		<file href="content/wp-content/uploads/games/say-what/mediaelements/flashmediaelement.swf"></file>
  		<file href="content/wp-content/uploads/games/say-what/mediaelements/jumpforward.html"></file>
  		<file href="content/wp-content/uploads/games/say-what/mediaelements/loading.gif"></file>
  		<file href="content/wp-content/uploads/games/say-what/mediaelements/mediaelement-and-player.js"></file>
  		<file href="content/wp-content/uploads/games/say-what/mediaelements/mediaelementplayer.css"></file>
  		<file href="content/wp-content/uploads/games/say-what/mediaelements/skipback.html"></file>
  		<file href="content/wp-content/uploads/games/brainiacs/css/fonts/luckiestguy/luckiestguy-webfont.eot"></file>
  		<file href="content/wp-content/uploads/games/brainiacs/css/fonts/luckiestguy/luckiestguy-webfont.html"></file>
  		<file href="content/wp-content/uploads/games/brainiacs/css/fonts/luckiestguy/luckiestguy-webfont.svg"></file>
  		<file href="content/wp-content/uploads/games/brainiacs/css/fonts/luckiestguy/luckiestguy-webfont.ttf"></file>
  		<file href="content/wp-content/uploads/games/brainiacs/css/fonts/luckiestguy/luckiestguy-webfont.woff"></file>
  		<file href="content/wp-content/uploads/games/brainiacs/css/fonts/luckiestguy/luckiestguy-webfontd41d.eot"></file>
  		<file href="content/wp-content/uploads/games/brainiacs/css/fonts/luckiestguy/stylesheet.css"></file>
  		<file href="content/wp-content/themes/275/css/img/tear.html"></file>
  		<file href="content/wp-content/uploads/games/brainiacs/img/b-bronze.png"></file>
  		<file href="content/wp-content/uploads/games/brainiacs/img/b-gold.png"></file>
  		<file href="content/wp-content/uploads/games/brainiacs/img/b-silver.png"></file>
  		<file href="content/wp-content/uploads/games/brainiacs/img/brain-1.png"></file>
  		<file href="content/wp-content/uploads/games/brainiacs/img/brain-2.png"></file>
  		<file href="content/wp-content/uploads/games/brainiacs/img/brain-3.png"></file>
  		<file href="content/wp-content/uploads/games/brainiacs/img/brain-4.png"></file>
  		<file href="content/wp-content/uploads/games/brainiacs/img/brain-5.png"></file>
  		<file href="content/wp-content/uploads/games/brainiacs/img/btn-close.png"></file>
  		<file href="content/wp-content/uploads/games/brainiacs/img/btn-how-to-play.png"></file>
  		<file href="content/wp-content/uploads/games/brainiacs/img/btn-lets-start.png"></file>
  		<file href="content/wp-content/uploads/games/brainiacs/img/btn-ok.png"></file>
  		<file href="content/wp-content/uploads/games/brainiacs/img/btn-paly-again.png"></file>
  		<file href="content/wp-content/uploads/games/brainiacs/img/btn-play-again.png"></file>
  		<file href="content/wp-content/uploads/games/brainiacs/img/btn-play.png"></file>
  		<file href="content/wp-content/uploads/games/brainiacs/img/btn-see-you-later.png"></file>
  		<file href="content/wp-content/uploads/games/brainiacs/img/btn-start-game.png"></file>
  		<file href="content/wp-content/uploads/games/brainiacs/img/btn-start.png"></file>
  		<file href="content/wp-content/uploads/games/brainiacs/img/btn-tell-me-more.png"></file>
  		<file href="content/wp-content/uploads/games/brainiacs/img/fb-fabulous.png"></file>
  		<file href="content/wp-content/uploads/games/brainiacs/img/fb-right.png"></file>
  		<file href="content/wp-content/uploads/games/brainiacs/img/fb-time-up.png"></file>
  		<file href="content/wp-content/uploads/games/brainiacs/img/fb-wrong.png"></file>
  		<file href="content/wp-content/uploads/games/brainiacs/img/gameOver.png"></file>
  		<file href="content/wp-content/uploads/games/brainiacs/img/home-page-bg.png"></file>
  		<file href="content/wp-content/uploads/games/brainiacs/img/home-page-logo.png"></file>
  		<file href="content/wp-content/uploads/games/brainiacs/img/how-to-play-bg.png"></file>
  		<file href="content/wp-content/uploads/games/brainiacs/img/intro-img.png"></file>
  		<file href="content/wp-content/uploads/games/brainiacs/img/level-bronze.png"></file>
  		<file href="content/wp-content/uploads/games/brainiacs/img/level-gold.png"></file>
  		<file href="content/wp-content/uploads/games/brainiacs/img/level-lock.png"></file>
  		<file href="content/wp-content/uploads/games/brainiacs/img/level-silver.png"></file>
  		<file href="content/wp-content/uploads/games/brainiacs/img/level-unlock.png"></file>
  		<file href="content/wp-content/uploads/games/brainiacs/img/menu-bg.png"></file>
  		<file href="content/wp-content/uploads/games/brainiacs/img/menu-home.png"></file>
  		<file href="content/wp-content/uploads/games/brainiacs/img/menu-sound-mute.png"></file>
  		<file href="content/wp-content/uploads/games/brainiacs/img/menu-sound.png"></file>
  		<file href="content/wp-content/uploads/games/brainiacs/img/more-about.png"></file>
  		<file href="content/wp-content/uploads/games/brainiacs/img/q-10a.png"></file>
  		<file href="content/wp-content/uploads/games/brainiacs/img/q-10b.png"></file>
  		<file href="content/wp-content/uploads/games/brainiacs/img/q-1a.png"></file>
  		<file href="content/wp-content/uploads/games/brainiacs/img/q-1b.png"></file>
  		<file href="content/wp-content/uploads/games/brainiacs/img/q-2a.png"></file>
  		<file href="content/wp-content/uploads/games/brainiacs/img/q-2b.png"></file>
  		<file href="content/wp-content/uploads/games/brainiacs/img/q-3a.png"></file>
  		<file href="content/wp-content/uploads/games/brainiacs/img/q-3b.png"></file>
  		<file href="content/wp-content/uploads/games/brainiacs/img/q-4a.png"></file>
  		<file href="content/wp-content/uploads/games/brainiacs/img/q-4b.png"></file>
  		<file href="content/wp-content/uploads/games/brainiacs/img/q-5a.png"></file>
  		<file href="content/wp-content/uploads/games/brainiacs/img/q-5b.png"></file>
  		<file href="content/wp-content/uploads/games/brainiacs/img/q-6a.png"></file>
  		<file href="content/wp-content/uploads/games/brainiacs/img/q-6b.png"></file>
  		<file href="content/wp-content/uploads/games/brainiacs/img/q-7a.png"></file>
  		<file href="content/wp-content/uploads/games/brainiacs/img/q-7b.png"></file>
  		<file href="content/wp-content/uploads/games/brainiacs/img/q-8a.png"></file>
  		<file href="content/wp-content/uploads/games/brainiacs/img/q-8b.png"></file>
  		<file href="content/wp-content/uploads/games/brainiacs/img/q-9a.png"></file>
  		<file href="content/wp-content/uploads/games/brainiacs/img/q-9b.png"></file>
  		<file href="content/wp-content/uploads/games/brainiacs/img/q-bg-1.png"></file>
  		<file href="content/wp-content/uploads/games/brainiacs/img/q-bg-10.png"></file>
  		<file href="content/wp-content/uploads/games/brainiacs/img/q-bg-2.png"></file>
  		<file href="content/wp-content/uploads/games/brainiacs/img/q-bg-3.png"></file>
  		<file href="content/wp-content/uploads/games/brainiacs/img/q-bg-4.png"></file>
  		<file href="content/wp-content/uploads/games/brainiacs/img/q-bg-5.png"></file>
  		<file href="content/wp-content/uploads/games/brainiacs/img/q-bg-6.png"></file>
  		<file href="content/wp-content/uploads/games/brainiacs/img/q-bg-7.png"></file>
  		<file href="content/wp-content/uploads/games/brainiacs/img/q-bg-8.png"></file>
  		<file href="content/wp-content/uploads/games/brainiacs/img/q-bg-9.png"></file>
  		<file href="content/wp-content/uploads/games/brainiacs/img/startTimer.png"></file>
  		<file href="content/wp-content/uploads/games/brainiacs/img/timer.png"></file>
  		<file href="content/wp-content/uploads/games/say-what/css/style.css"></file>
  		<file href="content/wp-content/plugins/h5p/h5p-php-library/fonts/h5p-core-187e87.eot"></file>
  		<file href="content/wp-content/plugins/h5p/h5p-php-library/fonts/h5p-core-187e87.svg"></file>
  		<file href="content/wp-content/plugins/h5p/h5p-php-library/fonts/h5p-core-187e87.ttf"></file>
  		<file href="content/wp-content/plugins/h5p/h5p-php-library/fonts/h5p-core-187e87.woff"></file>
  		<file href="content/wp-content/plugins/h5p/h5p-php-library/styles/h5pde48.css"></file>
  		<file href="content/wp-content/themes/275/fssi/fonts/TradeGothicLTPro-BdCn20.html"></file>
  		<file href="content/wp-content/themes/275/fssi/fonts/TradeGothicLTPro-BdCn20.woff"></file>
  		<file href="content/wp-content/themes/275/fssi/fonts/TradeGothicLTStd-Cn18.html"></file>
  		<file href="content/wp-content/themes/275/fssi/fonts/TradeGothicLTStd-Cn18.woff"></file>
  		<file href="content/wp-content/themes/275/fssi/fonts/open-sans-v15-latin-700.eot"></file>
  		<file href="content/wp-content/themes/275/fssi/fonts/open-sans-v15-latin-700.html"></file>
  		<file href="content/wp-content/themes/275/fssi/fonts/open-sans-v15-latin-700.svg"></file>
  		<file href="content/wp-content/themes/275/fssi/fonts/open-sans-v15-latin-700.woff"></file>
  		<file href="content/wp-content/themes/275/fssi/fonts/open-sans-v15-latin-700d41d.eot"></file>
  		<file href="content/wp-content/themes/275/fssi/fonts/open-sans-v15-latin-regular.eot"></file>
  		<file href="content/wp-content/themes/275/fssi/fonts/open-sans-v15-latin-regular.html"></file>
  		<file href="content/wp-content/themes/275/fssi/fonts/open-sans-v15-latin-regular.svg"></file>
  		<file href="content/wp-content/themes/275/fssi/fonts/open-sans-v15-latin-regular.ttf"></file>
  		<file href="content/wp-content/themes/275/fssi/fonts/open-sans-v15-latin-regular.woff"></file>
  		<file href="content/wp-content/themes/275/fssi/fonts/open-sans-v15-latin-regulard41d.eot"></file>
  		<file href="content/wp-content/uploads/games/brainiacs/index.html"></file>
  		<file href="content/wp-content/uploads/games/brainiacs/index5caf.html"></file>
  		<file href="content/wp-content/uploads/games/brainiacs/questions.html"></file>
  		<file href="content/index.html"></file>
  		<file href="content/index0101.html"></file>
  		<file href="content/index0cd8.html"></file>
  		<file href="content/index0d9d.html"></file>
  		<file href="content/index243b.html"></file>
  		<file href="content/index2c30.html"></file>
  		<file href="content/index3b96.html"></file>
  		<file href="content/index3ead.html"></file>
  		<file href="content/index3eb0.html"></file>
  		<file href="content/index450c.html"></file>
  		<file href="content/index6105.html"></file>
  		<file href="content/index8450.html"></file>
  		<file href="content/index90ee.html"></file>
  		<file href="content/index967b.html"></file>
  		<file href="content/index99dd.html"></file>
  		<file href="content/indexf13a.html"></file>
  		<file href="content/indexf62b.html"></file>
  		<file href="content/indexfc36.html"></file>
  		<file href="content/wp-content/uploads/games/say-what/controls=true&amp;file=media/music.html"></file>
  		<file href="content/wp-content/uploads/games/say-what/controls=true&amp;file=media/splash.html"></file>
  		<file href="content/wp-content/uploads/games/say-what/controls=true&amp;file=media/tick-tock.html"></file>
  		<file href="content/wp-content/uploads/games/brainiacs/css/style.css"></file>
  		<file href="content/wp-content/uploads/2018/03/Alzheimers_brain-v2-300x295-300x295.jpg"></file>
  		<file href="content/wp-content/uploads/games/say-what/media/music.mp3"></file>
  		<file href="content/wp-content/uploads/games/say-what/media/splash.mp3"></file>
  		<file href="content/wp-content/uploads/games/say-what/media/tick-tock.mp3"></file>
  		<file href="content/wp-content/themes/275/fssi/img/fssi-white.svg"></file>
  		<file href="content/wp-content/uploads/2019/05/by-nc-nd.svg"></file>
  		<file href="content/wp-content/themes/275/fssi/js/jquery.min.js"></file>
  		<file href="content/wp-content/themes/275/fssi/js/theme.min.js"></file>
  		<file href="content/wp-content/uploads/games/say-what/css/fonts/HelveticaNeueLTStdMd/HelveticaNeueLTStd-Md.eot"></file>
  		<file href="content/wp-content/uploads/games/say-what/css/fonts/HelveticaNeueLTStdMd/HelveticaNeueLTStd-Md.html"></file>
  		<file href="content/wp-content/uploads/games/say-what/css/fonts/HelveticaNeueLTStdMd/HelveticaNeueLTStd-Md.svg"></file>
  		<file href="content/wp-content/uploads/games/say-what/css/fonts/HelveticaNeueLTStdMd/HelveticaNeueLTStd-Md.ttf"></file>
  		<file href="content/wp-content/uploads/games/say-what/css/fonts/HelveticaNeueLTStdMd/HelveticaNeueLTStd-Md.woff"></file>
  		<file href="content/wp-content/uploads/games/say-what/css/fonts/HelveticaNeueLTStdMd/HelveticaNeueLTStd-Mdd41d.eot"></file>
  		<file href="content/wp-content/uploads/games/say-what/css/fonts/HelveticaNeueLTStdMd/stylesheet.css"></file>
  		<file href="content/wp-content/themes/275/js/jquery.flip.min.js"></file>
  		<file href="content/wp-content/themes/275/js/popper.min68b3.js"></file>
  		<file href="content/wp-content/uploads/games/brainiacs/js/function.js"></file>
  		<file href="content/wp-content/uploads/games/brainiacs/js/jquery.1.12.js"></file>
  		<file href="content/wp-content/uploads/games/brainiacs/controls=true&amp;file=media/music.html"></file>
  		<file href="content/wp-content/uploads/games/brainiacs/controls=true&amp;file=media/splash.html"></file>
  		<file href="content/wp-content/uploads/games/brainiacs/controls=true&amp;file=media/tick-tock.html"></file>
  		<file href="content/wp-content/themes/275/fssi/img/theme/assessments.png"></file>
  		<file href="content/wp-content/themes/275/fssi/img/theme/assessments_inverse.png"></file>
  		<file href="content/wp-content/themes/275/fssi/img/theme/breadcrumb_banner.png"></file>
  		<file href="content/wp-content/themes/275/fssi/img/theme/flipme_icon.png"></file>
  		<file href="content/wp-content/themes/275/fssi/img/theme/fssi_logo.png"></file>
  		<file href="content/wp-content/themes/275/fssi/img/theme/key_activities.png"></file>
  		<file href="content/wp-content/themes/275/fssi/img/theme/key_activities_inverse.png"></file>
  		<file href="content/wp-content/themes/275/fssi/img/theme/learning_objectives.png"></file>
  		<file href="content/wp-content/themes/275/fssi/img/theme/learning_objectives_inverse.png"></file>
  		<file href="content/wp-content/themes/275/fssi/img/theme/logo_banner_lighter.png"></file>
  		<file href="content/wp-content/themes/275/fssi/img/theme/nav_header.png"></file>
  		<file href="content/wp-content/themes/275/fssi/img/theme/vcoss_rmit_logo.png"></file>
  		<file href="content/wp-content/uploads/games/brainiacs/media/music.mp3"></file>
  		<file href="content/wp-content/uploads/games/brainiacs/media/splash.mp3"></file>
  		<file href="content/wp-content/uploads/games/brainiacs/media/tick-tock.mp3"></file>
  		<file href="content/wp-content/uploads/games/say-what/css/fonts/luckiestguy/luckiestguy-webfont.eot"></file>
  		<file href="content/wp-content/uploads/games/say-what/css/fonts/luckiestguy/luckiestguy-webfont.html"></file>
  		<file href="content/wp-content/uploads/games/say-what/css/fonts/luckiestguy/luckiestguy-webfont.svg"></file>
  		<file href="content/wp-content/uploads/games/say-what/css/fonts/luckiestguy/luckiestguy-webfont.ttf"></file>
  		<file href="content/wp-content/uploads/games/say-what/css/fonts/luckiestguy/luckiestguy-webfont.woff"></file>
  		<file href="content/wp-content/uploads/games/say-what/css/fonts/luckiestguy/luckiestguy-webfontd41d.eot"></file>
  		<file href="content/wp-content/uploads/games/say-what/css/fonts/luckiestguy/stylesheet.css"></file>
  		<file href="content/wp-content/uploads/games/say-what/img/b-bronze.png"></file>
  		<file href="content/wp-content/uploads/games/say-what/img/b-gold.png"></file>
  		<file href="content/wp-content/uploads/games/say-what/img/b-silver.png"></file>
  		<file href="content/wp-content/uploads/games/say-what/img/brain-1.html"></file>
  		<file href="content/wp-content/uploads/games/say-what/img/brain-2.html"></file>
  		<file href="content/wp-content/uploads/games/say-what/img/brain-3.html"></file>
  		<file href="content/wp-content/uploads/games/say-what/img/brain-4.html"></file>
  		<file href="content/wp-content/uploads/games/say-what/img/brain-5.html"></file>
  		<file href="content/wp-content/uploads/games/say-what/img/btn-close.png"></file>
  		<file href="content/wp-content/uploads/games/say-what/img/btn-how-to-play.png"></file>
  		<file href="content/wp-content/uploads/games/say-what/img/btn-lets-start.png"></file>
  		<file href="content/wp-content/uploads/games/say-what/img/btn-ok.png"></file>
  		<file href="content/wp-content/uploads/games/say-what/img/btn-paly-again.png"></file>
  		<file href="content/wp-content/uploads/games/say-what/img/btn-play-again.png"></file>
  		<file href="content/wp-content/uploads/games/say-what/img/btn-play.png"></file>
  		<file href="content/wp-content/uploads/games/say-what/img/btn-see-you-later.png"></file>
  		<file href="content/wp-content/uploads/games/say-what/img/btn-start-game.png"></file>
  		<file href="content/wp-content/uploads/games/say-what/img/btn-start.png"></file>
  		<file href="content/wp-content/uploads/games/say-what/img/btn-tell-me-more.png"></file>
  		<file href="content/wp-content/uploads/games/say-what/img/btn-tips.png"></file>
  		<file href="content/wp-content/uploads/games/say-what/img/fb-fabulous.png"></file>
  		<file href="content/wp-content/uploads/games/say-what/img/fb-right.png"></file>
  		<file href="content/wp-content/uploads/games/say-what/img/fb-time-up.png"></file>
  		<file href="content/wp-content/uploads/games/say-what/img/fb-wrong.png"></file>
  		<file href="content/wp-content/uploads/games/say-what/img/gameOver.png"></file>
  		<file href="content/wp-content/uploads/games/say-what/img/home-page-bg.png"></file>
  		<file href="content/wp-content/uploads/games/say-what/img/how-to-play-bg.png"></file>
  		<file href="content/wp-content/uploads/games/say-what/img/intro-img.png"></file>
  		<file href="content/wp-content/uploads/games/say-what/img/level-bronze.png"></file>
  		<file href="content/wp-content/uploads/games/say-what/img/level-gold.png"></file>
  		<file href="content/wp-content/uploads/games/say-what/img/level-lock.png"></file>
  		<file href="content/wp-content/uploads/games/say-what/img/level-silver.png"></file>
  		<file href="content/wp-content/uploads/games/say-what/img/level-unlock.png"></file>
  		<file href="content/wp-content/uploads/games/say-what/img/menu-bg.png"></file>
  		<file href="content/wp-content/uploads/games/say-what/img/menu-home.png"></file>
  		<file href="content/wp-content/uploads/games/say-what/img/menu-sound-mute.png"></file>
  		<file href="content/wp-content/uploads/games/say-what/img/menu-sound.png"></file>
  		<file href="content/wp-content/uploads/games/say-what/img/q-10a.png"></file>
  		<file href="content/wp-content/uploads/games/say-what/img/q-10b.png"></file>
  		<file href="content/wp-content/uploads/games/say-what/img/q-1a.png"></file>
  		<file href="content/wp-content/uploads/games/say-what/img/q-1b.png"></file>
  		<file href="content/wp-content/uploads/games/say-what/img/q-2a.png"></file>
  		<file href="content/wp-content/uploads/games/say-what/img/q-2b.png"></file>
  		<file href="content/wp-content/uploads/games/say-what/img/q-3a.png"></file>
  		<file href="content/wp-content/uploads/games/say-what/img/q-3b.png"></file>
  		<file href="content/wp-content/uploads/games/say-what/img/q-4a.png"></file>
  		<file href="content/wp-content/uploads/games/say-what/img/q-4b.png"></file>
  		<file href="content/wp-content/uploads/games/say-what/img/q-5a.png"></file>
  		<file href="content/wp-content/uploads/games/say-what/img/q-5b.png"></file>
  		<file href="content/wp-content/uploads/games/say-what/img/q-6a.png"></file>
  		<file href="content/wp-content/uploads/games/say-what/img/q-6b.png"></file>
  		<file href="content/wp-content/uploads/games/say-what/img/q-7a.png"></file>
  		<file href="content/wp-content/uploads/games/say-what/img/q-7b.png"></file>
  		<file href="content/wp-content/uploads/games/say-what/img/q-8a.png"></file>
  		<file href="content/wp-content/uploads/games/say-what/img/q-8b.png"></file>
  		<file href="content/wp-content/uploads/games/say-what/img/q-9a.png"></file>
  		<file href="content/wp-content/uploads/games/say-what/img/q-9b.png"></file>
  		<file href="content/wp-content/uploads/games/say-what/img/q-bg-1.png"></file>
  		<file href="content/wp-content/uploads/games/say-what/img/q-bg-10.png"></file>
  		<file href="content/wp-content/uploads/games/say-what/img/q-bg-2.png"></file>
  		<file href="content/wp-content/uploads/games/say-what/img/q-bg-3.png"></file>
  		<file href="content/wp-content/uploads/games/say-what/img/q-bg-4.png"></file>
  		<file href="content/wp-content/uploads/games/say-what/img/q-bg-5.png"></file>
  		<file href="content/wp-content/uploads/games/say-what/img/q-bg-6.png"></file>
  		<file href="content/wp-content/uploads/games/say-what/img/q-bg-7.png"></file>
  		<file href="content/wp-content/uploads/games/say-what/img/q-bg-8.png"></file>
  		<file href="content/wp-content/uploads/games/say-what/img/q-bg-9.png"></file>
  		<file href="content/wp-content/uploads/games/say-what/img/startTimer.png"></file>
  		<file href="content/wp-content/uploads/games/say-what/img/timer.png"></file>
  		<file href="content/wp-content/uploads/games/brainiacs/css/fonts/HelveticaNeueLTStdMd/HelveticaNeueLTStd-Md.eot"></file>
  		<file href="content/wp-content/uploads/games/brainiacs/css/fonts/HelveticaNeueLTStdMd/HelveticaNeueLTStd-Md.html"></file>
  		<file href="content/wp-content/uploads/games/brainiacs/css/fonts/HelveticaNeueLTStdMd/HelveticaNeueLTStd-Md.svg"></file>
  		<file href="content/wp-content/uploads/games/brainiacs/css/fonts/HelveticaNeueLTStdMd/HelveticaNeueLTStd-Md.ttf"></file>
  		<file href="content/wp-content/uploads/games/brainiacs/css/fonts/HelveticaNeueLTStdMd/HelveticaNeueLTStd-Md.woff"></file>
  		<file href="content/wp-content/uploads/games/brainiacs/css/fonts/HelveticaNeueLTStdMd/HelveticaNeueLTStd-Mdd41d.eot"></file>
  		<file href="content/wp-content/uploads/games/brainiacs/css/fonts/HelveticaNeueLTStdMd/stylesheet.css"></file>
  		<file href="content/wp-content/themes/275/css/fssi.css"></file>
  		<file href="content/wp-content/uploads/games/say-what/js/function.js"></file>
  		<file href="content/wp-content/uploads/games/say-what/js/jquery.1.12.js"></file>
  		<file href="content/wp-content/uploads/games/brainiacs/mediaelements/background.png"></file>
  		<file href="content/wp-content/uploads/games/brainiacs/mediaelements/bigplay.png"></file>
  		<file href="content/wp-content/uploads/games/brainiacs/mediaelements/controls.png"></file>
  		<file href="content/wp-content/uploads/games/brainiacs/mediaelements/controls.svg"></file>
  		<file href="content/wp-content/uploads/games/brainiacs/mediaelements/flashmediaelement.swf"></file>
  		<file href="content/wp-content/uploads/games/brainiacs/mediaelements/jumpforward.html"></file>
  		<file href="content/wp-content/uploads/games/brainiacs/mediaelements/loading.gif"></file>
  		<file href="content/wp-content/uploads/games/brainiacs/mediaelements/mediaelement-and-player.js"></file>
  		<file href="content/wp-content/uploads/games/brainiacs/mediaelements/mediaelementplayer.css"></file>
  		<file href="content/wp-content/uploads/games/brainiacs/mediaelements/skipback.html"></file>
  		<file href="content/wp-content/uploads/games/say-what/index.html"></file>
  		<file href="content/wp-content/uploads/games/say-what/index5caf.html"></file>
  		<file href="content/wp-content/uploads/games/say-what/questions.html"></file>
  		<file href="content/wp-content/uploads/2018/12/Assumptions-about-choice-1024x683.jpg"></file>
  		<file href="content/wp-content/uploads/2018/12/Dignity-of-risk-transcript.pdf"></file>
  		<file href="content/wp-content/uploads/2018/12/Flipcard_Brain_Dementia.png"></file>
  		<file href="content/wp-content/uploads/2018/12/Flipcard_Brain_Neutral.png"></file>
  		<file href="content/wp-content/uploads/2018/12/Flipcard_Brain_NotDementia.png"></file>
  		<file href="content/wp-content/uploads/2018/12/Right-to-complain-1024x566.jpg"></file>
  		<file href="content/wp-content/uploads/2018/12/Transcript_Residential-rights.pdf"></file>
  		<file href="content/wp-content/uploads/2018/12/older01-1.jpg"></file>
  		<file href="content/wp-content/themes/275/fonts/fontawesome-webfont3e6e.eot"></file>
  		<file href="content/wp-content/themes/275/fonts/fontawesome-webfont3e6e.html"></file>
  		<file href="content/wp-content/themes/275/fonts/fontawesome-webfont3e6e.svg"></file>
  		<file href="content/wp-content/themes/275/fonts/fontawesome-webfont3e6e.ttf"></file>
  		<file href="content/wp-content/themes/275/fonts/fontawesome-webfont3e6e.woff"></file>
  		<file href="content/wp-content/themes/275/fonts/fontawesome-webfontd41d.eot"></file>
  		<file href="content/wp-content/uploads/2017/12/united-nations-1184119_1280-300x200.jpg"></file>
  	</resource>
  </resources>
</manifest>
