<?xml version="1.0" standalone="no" ?>
<!--
Single SCO with basic runtime calls. SCORM 2004 3rd Edition.

Provided by Rustici Software - http://www.scorm.com

This example demonstrates the use of basic runtime calls in a multi-page SCO. It
includes a demonstration of bookmarking, status reporting (completion and success), 
score and time. It also includes the addition of a basic "controller" for providing
intra-SCO navigation.
-->

<manifest identifier="org.futuresocial.enablingtechnologies.typesofassistivetechnology" version="2.1"
          xmlns="http://www.imsglobal.org/xsd/imscp_v1p1"
          xmlns:xsi="http://www.w3.org/2001/XMLSchema-instance"
          xmlns:adlcp="http://www.adlnet.org/xsd/adlcp_v1p3"
          xmlns:adlseq="http://www.adlnet.org/xsd/adlseq_v1p3"
          xmlns:adlnav="http://www.adlnet.org/xsd/adlnav_v1p3"
          xmlns:imsss="http://www.imsglobal.org/xsd/imsss"
          xsi:schemaLocation="http://www.imsglobal.org/xsd/imscp_v1p1 imscp_v1p1.xsd
                              http://www.adlnet.org/xsd/adlcp_v1p3 adlcp_v1p3.xsd
                              http://www.adlnet.org/xsd/adlseq_v1p3 adlseq_v1p3.xsd
                              http://www.adlnet.org/xsd/adlnav_v1p3 adlnav_v1p3.xsd
                              http://www.imsglobal.org/xsd/imsss imsss_v1p0.xsd">
	
  <metadata>
		<schema>ADL SCORM</schema>
		<schemaversion>2004 3rd Edition</schemaversion>
	</metadata>
  <organizations default="org_futuresocial_module_unit">
		<organization identifier="org_futuresocial_module_unit" adlseq:objectivesGlobalToSystem="false" structure="hierarchical">
			<title>Enabling Technologies - Types of assistive technology</title>
			<item identifier="item_1" identifierref="RES-720031">
				<title>Enabling Technologies - Types of assistive technology</title>
				<!-- Include some basic sequencing information that overrides the defaults-->
				<imsss:sequencing>
					<imsss:deliveryControls completionSetByContent="true" objectiveSetByContent="true" />
				</imsss:sequencing>
			</item>

		</organization>
  </organizations>
  <resources>
















































































































































  	<resource identifier="RES-720031" type="webcontent" adlcp:scormType="asset" href="content/index.html">
  		<file href="content/wp-content/plugins/h5p/h5p-php-library/images/throbber1576.gif"></file>
  		<file href="content/wp-content/themes/275/css/img/tear.html"></file>
  		<file href="content/wp-content/plugins/h5p/h5p-php-library/fonts/h5p-core-187e87.eot"></file>
  		<file href="content/wp-content/plugins/h5p/h5p-php-library/fonts/h5p-core-187e87.svg"></file>
  		<file href="content/wp-content/plugins/h5p/h5p-php-library/fonts/h5p-core-187e87.ttf"></file>
  		<file href="content/wp-content/plugins/h5p/h5p-php-library/fonts/h5p-core-187e87.woff"></file>
  		<file href="content/wp-content/themes/275/js/popper.min68b3.js"></file>
  		<file href="content/wp-content/plugins/h5p/h5p-php-library/styles/h5pde48.css"></file>
  		<file href="content/wp-content/themes/275/fssi/img/theme/assessments.png"></file>
  		<file href="content/wp-content/themes/275/fssi/img/theme/assessments_inverse.png"></file>
  		<file href="content/wp-content/themes/275/fssi/img/theme/breadcrumb_banner.png"></file>
  		<file href="content/wp-content/themes/275/fssi/img/theme/flipme_icon.png"></file>
  		<file href="content/wp-content/themes/275/fssi/img/theme/fssi_logo.png"></file>
  		<file href="content/wp-content/themes/275/fssi/img/theme/key_activities.png"></file>
  		<file href="content/wp-content/themes/275/fssi/img/theme/key_activities_inverse.png"></file>
  		<file href="content/wp-content/themes/275/fssi/img/theme/learning_objectives.png"></file>
  		<file href="content/wp-content/themes/275/fssi/img/theme/learning_objectives_inverse.png"></file>
  		<file href="content/wp-content/themes/275/fssi/img/theme/logo_banner_lighter.png"></file>
  		<file href="content/wp-content/themes/275/fssi/img/theme/nav_header.png"></file>
  		<file href="content/wp-content/themes/275/fssi/img/theme/vcoss_rmit_logo.png"></file>
  		<file href="content/wp-content/themes/275/fssi/fonts/TradeGothicLTPro-BdCn20.html"></file>
  		<file href="content/wp-content/themes/275/fssi/fonts/TradeGothicLTPro-BdCn20.woff"></file>
  		<file href="content/wp-content/themes/275/fssi/fonts/TradeGothicLTStd-Cn18.html"></file>
  		<file href="content/wp-content/themes/275/fssi/fonts/TradeGothicLTStd-Cn18.woff"></file>
  		<file href="content/wp-content/themes/275/fssi/fonts/open-sans-v15-latin-700.eot"></file>
  		<file href="content/wp-content/themes/275/fssi/fonts/open-sans-v15-latin-700.html"></file>
  		<file href="content/wp-content/themes/275/fssi/fonts/open-sans-v15-latin-700.svg"></file>
  		<file href="content/wp-content/themes/275/fssi/fonts/open-sans-v15-latin-700.woff"></file>
  		<file href="content/wp-content/themes/275/fssi/fonts/open-sans-v15-latin-700d41d.eot"></file>
  		<file href="content/wp-content/themes/275/fssi/fonts/open-sans-v15-latin-regular.eot"></file>
  		<file href="content/wp-content/themes/275/fssi/fonts/open-sans-v15-latin-regular.html"></file>
  		<file href="content/wp-content/themes/275/fssi/fonts/open-sans-v15-latin-regular.svg"></file>
  		<file href="content/wp-content/themes/275/fssi/fonts/open-sans-v15-latin-regular.ttf"></file>
  		<file href="content/wp-content/themes/275/fssi/fonts/open-sans-v15-latin-regular.woff"></file>
  		<file href="content/wp-content/themes/275/fssi/fonts/open-sans-v15-latin-regulard41d.eot"></file>
  		<file href="content/index.html"></file>
  		<file href="content/index2913.html"></file>
  		<file href="content/index2db9.html"></file>
  		<file href="content/index46ba.html"></file>
  		<file href="content/index5391.html"></file>
  		<file href="content/index545a.html"></file>
  		<file href="content/index54e1.html"></file>
  		<file href="content/index57c4.html"></file>
  		<file href="content/index66da.html"></file>
  		<file href="content/index6826.html"></file>
  		<file href="content/index6914.html"></file>
  		<file href="content/index75ae.html"></file>
  		<file href="content/index8169.html"></file>
  		<file href="content/index9051.html"></file>
  		<file href="content/index905f.html"></file>
  		<file href="content/indexbc59.html"></file>
  		<file href="content/indexbf1a.html"></file>
  		<file href="content/indexc06f.html"></file>
  		<file href="content/indexc38c.html"></file>
  		<file href="content/indexca58.html"></file>
  		<file href="content/indexd7f5.html"></file>
  		<file href="content/indexd862.html"></file>
  		<file href="content/indexdf14.html"></file>
  		<file href="content/indexed25.html"></file>
  		<file href="content/indexfdc1.html"></file>
  		<file href="content/wp-content/uploads/2019/02/Enabling-technologies-Video-2.pdf"></file>
  		<file href="content/wp-content/uploads/2019/02/Enabling-technologies-Video-3.pdf"></file>
  		<file href="content/wp-content/uploads/2019/02/pexels-photo-442584-300x200.jpg"></file>
  		<file href=".project"></file>
  		<file href="XMLSchema.dtd"></file>
  		<file href="adlcp_v1p3.xsd"></file>
  		<file href="adlnav_v1p3.xsd"></file>
  		<file href="adlseq_v1p3.xsd"></file>
  		<file href="datatypes.dtd"></file>
  		<file href="ims_xml.xsd"></file>
  		<file href="imscp_v1p1.xsd"></file>
  		<file href="imsmanifest.xml"></file>
  		<file href="imsss_v1p0.xsd"></file>
  		<file href="imsss_v1p0auxresource.xsd"></file>
  		<file href="imsss_v1p0control.xsd"></file>
  		<file href="imsss_v1p0delivery.xsd"></file>
  		<file href="imsss_v1p0limit.xsd"></file>
  		<file href="imsss_v1p0objective.xsd"></file>
  		<file href="imsss_v1p0random.xsd"></file>
  		<file href="imsss_v1p0rollup.xsd"></file>
  		<file href="imsss_v1p0seqrule.xsd"></file>
  		<file href="imsss_v1p0util.xsd"></file>
  		<file href="lom.xsd"></file>
  		<file href="xml.xsd"></file>
  		<file href="content/wp-content/themes/275/img/learning_activity.png"></file>
  		<file href="content/wp-content/themes/275/css/fssi.css"></file>
  		<file href="content/wp-content/uploads/2018/11/Service-user.png"></file>
  		<file href="content/wp-content/uploads/2018/11/Support-service-provider-2.png"></file>
  		<file href="content/wp-content/uploads/2018/11/Support-worker.png"></file>
  		<file href="content/wp-content/uploads/2018/11/black-and-white-2.png"></file>
  		<file href="content/wp-content/uploads/2019/05/by-nc-nd.svg"></file>
  		<file href="content/wp-content/themes/275/fssi/img/fssi-white.svg"></file>
  		<file href="content/wp-content/uploads/2018/12/Artboard-24.png"></file>
  		<file href="content/wp-content/uploads/2018/12/Artboard-25-1024x566.png"></file>
  		<file href="content/wp-content/uploads/2018/12/Artboard-41.png"></file>
  		<file href="content/wp-content/uploads/2018/12/Augmented-language-communication-device.jpg"></file>
  		<file href="content/wp-content/uploads/2018/12/Neuronode-1024x841.png"></file>
  		<file href="content/wp-content/uploads/2018/12/Neuronode-150x150.png"></file>
  		<file href="content/wp-content/uploads/2018/12/Prosthetic_leg_cycling-300x200.jpg"></file>
  		<file href="content/wp-content/uploads/2018/12/Sip-and-puff-1024x756.png"></file>
  		<file href="content/wp-content/uploads/2018/12/Sip-and-puff-150x150.png"></file>
  		<file href="content/wp-content/uploads/2018/12/Text-to-speech-1024x840.png"></file>
  		<file href="content/wp-content/uploads/2018/12/Text-to-speech-150x150.png"></file>
  		<file href="content/wp-content/uploads/2018/12/adult-apple-blur-225232-1024x683.jpg"></file>
  		<file href="content/wp-content/uploads/2018/12/pexels-photo-1072851-1024x683.jpg"></file>
  		<file href="content/wp-content/uploads/2018/12/robot-maid-822x1024.png"></file>
  		<file href="content/wp-content/uploads/2018/12/whatispower_03-300x200.jpg"></file>
  		<file href="content/wp-content/uploads/2018/12/whatispower_03.jpg"></file>
  		<file href="content/wp-content/themes/275/fonts/fontawesome-webfont3e6e.eot"></file>
  		<file href="content/wp-content/themes/275/fonts/fontawesome-webfont3e6e.html"></file>
  		<file href="content/wp-content/themes/275/fonts/fontawesome-webfont3e6e.svg"></file>
  		<file href="content/wp-content/themes/275/fonts/fontawesome-webfont3e6e.ttf"></file>
  		<file href="content/wp-content/themes/275/fonts/fontawesome-webfont3e6e.woff"></file>
  		<file href="content/wp-content/themes/275/fonts/fontawesome-webfontd41d.eot"></file>
  		<file href="content/wp-content/themes/275/fssi/js/jquery.min.js"></file>
  		<file href="content/wp-content/themes/275/fssi/js/theme.min.js"></file>
  	</resource>
  </resources>
</manifest>
